image,sequence,utc,num_points,ransac_inliers,num_inliers,rms_px,success,x_km,y_km,z_km,range_km,subsc_lat_deg,subsc_lon_deg,qw,qx,qy,qz,target_x_km,target_y_km,target_z_km,target_u_px,target_v_px,j2000_x_km,j2000_y_km,j2000_z_km,j2000_qw,j2000_qx,j2000_qy,j2000_qz,sigma_range_km,sigma_east_km,sigma_north_km,sigma_rx_arcsec,sigma_ry_arcsec,sigma_rz_arcsec,sigma_target_u_px,sigma_target_v_px,cov_xx_km2,cov_xy_km2,cov_xz_km2,cov_yy_km2,cov_yz_km2,cov_zz_km2,label_x_km,label_y_km,label_z_km,label_range_km,range_minus_label_km,east_minus_label_km,north_minus_label_km,position_minus_label_km,attitude_minus_label_arcsec,target_du_px,target_dv_px,label_rms_px,attitude_minus_ncc_arcsec,ncc_attitude_minus_label_arcsec,ncc_rms_px,range_minus_sfm_km,east_minus_sfm_km,north_minus_sfm_km,position_minus_sfm_km,attitude_minus_sfm_arcsec,target_du_sfm_px,target_dv_sfm_px,sfm_rms_px,sfm_attitude_minus_label_arcsec
FC21B0003112_11205060002F1C.png,RC3,2011-07-24T06:00:02.137,1304,1299,1263,0.2797563237620768,True,2774.689309958352,-4502.772716747337,1438.7512645139311,5481.228704097447,15.217683089214445,301.6421204078355,0.3541436786012813,0.730899113944462,-0.30788658683473413,-0.49555483025514996,24.02791523692258,8.84546497658016,5481.16890121628,558.9771298730046,529.3049462546992,-1100.7741656648934,2284.963879906912,4859.125889534794,0.1742971862031119,-0.3431198584763598,-0.9079845027610912,0.16569066463302837,0.14777198910669878,0.5373587780987142,0.5584803522974354,21.001700060242314,21.929493294333156,5.736860159223257,0.045992808993843386,0.04368231065594941,0.2233639108527033,0.10680471279543512,-0.04970013107482649,0.11431376054727178,0.06986848027651586,0.28481364966658607,2775.256111115502,-4501.351031359136,1436.5145708669675,5479.76109900012,1.467131410012486,-1.2285864691206396,1.9192061063851151,2.7102124206669598,64.17070477443038,1.943176712832269,0.8265342195795711,2.250503705576332,88.96107891718881,45.405175922817094,0.2973911050277281,-0.3073807512160029,0.1492170122885132,0.32535461301475943,0.4718095666520641,15.450764165615086,0.0009179471735478728,0.009764708457282723,0.2834020823997885,66.18029419559439
FC21B0003113_11205060502F1C.png,RC3,2011-07-24T06:05:02.009,1287,1281,1247,0.264978839370075,True,2323.4729479688663,-4756.079604739566,1422.2522714445513,5481.023742896211,15.039601599359836,296.03675462054696,0.3788645205719183,0.7142317941109774,-0.3426394284104087,-0.47846926905645004,23.720323581270577,8.998155340348035,5480.965029047499,558.377477002839,529.6043176061333,-1110.493359484145,2296.5343168854656,4851.222103769421,0.17550794269020786,-0.34262037187335365,-0.9077869824721734,0.16652638614970697,0.14798731868423856,0.526845801045628,0.5467315024843654,20.57376166779819,21.48328420859117,5.7516122536385845,0.045019976559043634,0.04277570692018035,0.23560451540614616,0.08908328023301171,-0.04029521925653921,0.08868921701853624,0.06944006064199255,0.27408834795488896,2324.0098301322605,-4755.008468760651,1420.053362292105,5479.75170790557,1.2716104546920275,-0.9526987978523722,1.9354968497771132,2.5041517932043473,62.671746309067416,1.8339722538006527,1.269393239752958,2.3539996949359385,84.23712971621033,46.240659989961415,0.27985512081919667,-0.5613984626630177,0.7236669820596285,1.1533187233813544,1.472754634182384,54.85270644451475,-0.06241824670007645,-0.061811397343717545,0.2701013486897624,85.08687476619411
FC21B0003114_11205061002F1C.png,RC3,2011-07-24T06:10:02.602,1312,1307,1281,0.27181361320043945,True,1847.7082376689584,-4965.06374279396,1405.1253654391144,5480.899651896329,14.854639975767961,290.41234247637016,0.4028808141230086,0.6958091198457501,-0.37656705930648654,-0.4601455945636439,23.877802458346878,9.027254307811063,5480.840205058597,558.6864419938449,529.6616510052469,-1120.151648985079,2308.8718278518927,4842.998261406375,0.1767837065993376,-0.3421132976465888,-0.90756319078562,0.16743675637505814,0.1448088388120136,0.5074869165776347,0.5257770084646047,19.82590089016085,20.63995169475001,5.62345488391346,0.042964772834534544,0.040964185838075436,0.23540520603255058,0.06558314655251656,-0.02844905890347097,0.06493132084315349,0.06637213722713033,0.25461750604984373,1848.5524863323337,-4963.922604243587,1403.5395135742046,5479.7442533215,1.155107052714467,-1.1894090246409548,1.3345085249142885,2.128351271335857,58.691993274472374,1.7473135254805356,0.9900097662618919,2.094931632479111,69.79510294819843,41.33097937444225,0.28310279561574636,-0.30255574380686256,-0.2542448654201609,-1.0645249676831223,1.135514789214034,50.79906509530247,0.10606247422265369,0.067217904095628,0.27929093451936626,81.31175354564107
FC21B0003115_11205061502F1C.png,RC3,2011-07-24T06:15:02.153,1371,1366,1332,0.2828435123395921,True,1355.0020383884814,-5125.844327327402,1388.8575977903645,5480.806146815582,14.679028700721718,284.8072671597285,0.42587784491680963,0.6759283996765459,-0.4094222012314534,-0.44059314663134413,23.46359543802214,8.981298201186576,5480.74856337556,557.8773358556545,529.5720303102032,-1129.3123064691042,2320.5753520743447,4835.164916398812,0.17794133520867148,-0.3415941734089817,-0.9073752814122719,0.1682866619764932,0.1406254323343337,0.47580422839967085,0.493218146057182,18.57250260754953,19.359905073510074,5.462572254667328,0.03991916688980474,0.03801916759521991,0.21474255999284303,0.04528682102202365,-0.02057683407778735,0.05043254695162339,0.05979377854967317,0.22425420863784162,1356.231762715723,-5124.861074925175,1387.069176547007,5479.737815991656,1.067916923922749,-1.4403474294081873,1.5692069581115446,2.3827416459173847,72.86463266604063,1.473984514588551,0.9514891818591877,1.8506565957827372,83.20180982749405,38.78184874843933,0.29339258955004327,-0.1977855217149077,0.282883572246703,-0.1258313073210695,0.3673904543523461,28.128358263006675,0.03982828882215017,-0.01821958005268698,0.28808553844280316,92.95488817074565
FC21B0003131_11205062004F1C.png,RC3,2011-07-24T06:20:04.020,1379,1377,1344,0.26443923948718834,True,844.8238106322617,-5238.57321713327,1371.3409683679558,5480.597839086681,14.490377453773354,279.1612026575075,0.4481873950615448,0.6542279306121218,-0.44139426280055133,-0.41986304729243046,24.232138356306223,9.031716430263884,5480.536826385769,559.381875732491,529.6713611325056,-1139.2854445746614,2332.961415707582,4826.62121803665,0.17929693131695937,-0.34104677392925425,-0.9071397774051196,0.16922509465844401,0.14132090099945527,0.4824624959854536,0.49979736712015777,18.82272066151489,19.631839326242794,5.4791395309457895,0.040480741569289394,0.03856230691028834,0.22644554504291378,0.03465358877757533,-0.017260334209022843,0.046187101959146694,0.06367479956324605,0.22990641826999297,846.1742763245272,-5237.680944208004,1370.4595716229687,5479.732841725589,0.8647556934397647,-1.4754858589922186,0.6869554947744732,1.8430324959759485,74.955267249164,1.7620751413877542,1.2662396797348947,2.1869919619231024,63.733540233261834,46.25508125820571,0.2709524444464687,-0.6349639285841249,-0.5051507614114089,-0.35840851115922656,0.8870248830945417,34.86002316176222,0.05143948060435832,0.05253746500852685,0.27474228991351685,67.05909064555192
FC21B0003132_11205062503F1C.png,RC3,2011-07-24T06:25:03.313,1382,1379,1353,0.2581531686542467,True,330.27557557818955,-5300.574850006261,1353.9432602431689,5480.724226623732,14.302263263684178,273.5654554848337,0.46925309724444025,0.6312547345730876,-0.4719992177987249,-0.39816545455746494,24.069358623938115,8.992801608090701,5480.663996615282,559.062492727259,529.5948115798031,-1149.450730521336,2345.315476534334,4818.36034164453,0.18058595115691192,-0.340524860964367,-0.9069151537412875,0.17010713454869766,0.14078603761843664,0.4807906170864162,0.49949541179249185,18.756773790927827,19.617039751684718,5.449093873893014,0.04037603597974308,0.03835402222145999,0.22983861152398857,0.01652193766047375,-0.011069773210306442,0.041089989740363604,0.06529535574274421,0.22954739100403554,331.51628716493167,-5299.459264888121,1353.9771452568305,5479.728611778324,0.9954511699048082,-1.3079421203010253,-0.28880437967673844,1.6688449872420323,82.91117093895336,1.8201276636102648,1.1923312893499087,2.127050472020775,52.58914530726536,44.614367693329164,0.26545333064509824,-0.40536829199243574,-0.27968019231218233,-0.42065421613031556,0.6476838979570622,25.178470945158857,0.04552986958265137,0.04535913733502639,0.26275420316161346,70.01941805047625
FC21B0003133_11205063002F1C.png,RC3,2011-07-24T06:30:02.219,1422,1416,1389,0.26161447833679563,True,-188.1782291685808,-5311.623341014801,1337.4095439652835,5480.640277470843,14.1241817063243,267.9709948889264,0.48920443176790734,0.6069252900587185,-0.5014143526079843,-0.37537229949011325,23.937827775090227,8.690808194913245,5480.581109817642,558.8060166709049,529.0042041113117,-1158.5955523435277,2357.1949471019884,4810.270904895309,0.1817843959641623,-0.34000454816340137,-0.9067094822597276,0.17096565559328847,0.14030666646304582,0.4847916763063029,0.5017343117812374,18.9149228332491,19.705279558065204,5.416642681100671,0.04055711280840487,0.0386695325984907,0.23528104717237924,0.00017790090578772427,-0.005018831685898684,0.03944555264827618,0.06667244289528368,0.23171964986778407,-186.4534152781631,-5310.717119670171,1337.5044443059928,5479.726210292355,0.9137962062506673,-1.6919549994582532,-0.32785809423722434,1.9506988892975654,87.15727336375507,1.721754258670103,0.7753762503310782,1.849092319796856,67.63807034882893,40.161857950870015,0.26796328153144855,-0.6665143149446837,-0.4532308280796903,0.6854985863819155,1.058096322401504,33.77362136941128,-0.03113010805009253,0.05111729386112529,0.27040080615850365,95.15422166322331
FC21B0003134_11205063501F1C.png,RC3,2011-07-24T06:35:01.977,1438,1434,1401,0.25592432215338967,True,-707.0906193805979,-5271.946600372769,1320.3955126634046,5480.587779705722,13.940978399046513,262.3608928185056,0.5081490612090351,0.5811114882768853,-0.529670636533205,-0.35148682276795135,23.625818128387436,9.044444547071066,5480.529393206489,558.1963726644401,529.6962856245873,-1168.020328235589,2369.3915057671024,4801.9324043854285,0.18298382695987034,-0.339490180900055,-0.9064851699370111,0.17189523794403527,0.1389466679831383,0.49463038112258073,0.510661768918875,19.27627971535036,20.082630236897238,5.381379658079005,0.041396033357615526,0.039497537505817276,0.24211363820715887,-0.023117604451074303,0.0008000567860817085,0.04144439589233829,0.06749538113920174,0.24118279860894343,-704.9238896178184,-5271.195351537428,1320.9710016110455,5479.72467477345,0.8626628178983494,-2.0480318565680014,-0.8072537293015876,2.3643773400988715,111.0167280217597,1.0067532478213934,1.2105360764164743,1.4468880045980574,86.36440772674604,33.139561347944436,0.2627615968243008,-0.3412259491308548,-0.4685094252454993,0.3001212704535307,0.6526936546977932,23.0359617878978,-0.02633497061287926,0.030944690685601017,0.2574693512146344,104.25873347253618
FC21B0003135_11205063513F1C.png,RC3,2011-07-24T06:35:13.774,1426,1421,1397,0.25737281674358337,True,-726.8070091614995,-5269.282693574717,1320.0788336987737,5480.528866866028,13.937720134709792,262.1465864349559,0.5088230593236357,0.5801025901649771,-0.5307480056333189,-0.3505518987263876,23.639701809188864,9.05638468483636,5480.470400152407,558.2240177204562,529.7198384369784,-1168.6697332625004,2369.2398573667238,4801.7819831155275,0.18303587705441787,-0.3394680485329263,-0.9064880085850799,0.17186856032335526,0.14034523438692353,0.49921030068294603,0.5142743342496408,19.466738380568646,20.21844143611594,5.432939653126448,0.041757718856036616,0.04000383922550902,0.2470109672284424,-0.022277226208376362,0.0012091147401268217,0.04182757444419271,0.06853356114699555,0.24454725831835405,-725.2393307237712,-5268.601651721212,1320.320485167466,5479.724594804104,0.804059188490821,-1.460161988081822,-0.44860329092587437,1.7262181561625116,86.44624094286914,1.4300908056168282,1.1475687294081354,1.7658021057649183,59.95569173390566,36.247125521674235,0.2622004182187517,-0.47418951088251204,0.18706886495704197,0.8308594542655618,0.9747706833967563,34.32660482350397,-0.03447442985645921,-0.02469456291817096,0.26185507216781934,114.26256700830966
FC21B0003151_11205064006F1C.png,RC3,2011-07-24T06:40:06.055,1439,1435,1407,0.2603891469639245,True,-1225.855453898322,-5179.774096484369,1304.1082832340585,5480.280987217937,13.766391079683311,256.68524284733746,0.5260935589151938,0.5536344586825753,-0.5569435041418214,-0.3263868664965335,24.256102899747475,9.479185513878917,5480.219109248874,559.4314869096662,530.5479507956186,-1178.1044727177036,2380.068111954479,4793.832009226271,0.1842713478791238,-0.3389693227991331,-0.9062641830136241,0.17271102784291562,0.13825453443990976,0.5033261424886826,0.5165166663304266,19.602120908082064,20.330493054507198,5.370770998166088,0.041917817064888584,0.0401957303004713,0.24286820710910642,-0.0463334781151934,0.0072108867928802455,0.048695651784422166,0.06714793274363139,0.2476771297093024,-1224.7583349621596,-5179.42484538441,1304.186989236743,5479.724300632195,0.5565933382606335,-0.9873051539636897,-0.21742427308721862,1.1540541260126782,73.97557706410826,1.8921750960181498,1.379104204896521,2.3078615541727077,39.659132944891546,44.182920018830664,0.26271332196524716,-0.4930562198625543,0.9490123619491645,0.9106856742907425,1.4046626984567747,54.51310717543107,-0.040908282947498265,-0.05727544139369911,0.2673197403145044,126.64739149691255
FC21B0003152_11205064502F1C.png,RC3,2011-07-24T06:45:02.727,1442,1442,1401,0.2619145263017516,True,-1722.1929728048347,-5040.417824991579,1288.068906804151,5480.043977446426,13.594404142953476,251.13590129746115,0.5423554084320885,0.525649581531799,-0.5822147862321388,-0.30094695724092646,23.914389416354197,8.72732209304354,5479.984847659233,558.7652750205837,529.0775041503002,-1187.1232037462985,2391.228644477934,4785.7753879285,0.18543546724171361,-0.33844376957831296,-0.9060770066094742,0.17347610906428654,0.138225333674753,0.5048339503605622,0.5185622140653658,19.64297974398699,20.430063210406228,5.377138413623016,0.04212995356414238,0.04029850790747479,0.23252494295590947,-0.06598412781447514,0.012580426498110392,0.059915350333652896,0.06563032196515386,0.2504300368729593,-1721.1056274145658,-5040.51113943328,1287.8002656875565,5479.725052570978,0.31881889544434366,-1.0591652225512194,0.19929670227998791,1.1239197623914279,63.18901452891198,1.7308688269903314,1.2319277954945846,2.1249554145712386,42.22751912451844,40.52853945733613,0.2631227574963972,-0.49541371248240146,-0.2677992585874441,0.8708893179255324,1.037111080594735,41.2727438761873,-0.0420174317865758,0.012036283465818087,0.2689941229055212,80.65809894327184
FC21B0003153_11205065002F1C.png,RC3,2011-07-24T06:50:02.000,1440,1438,1392,0.26405598514806883,True,-2206.7784151608366,-4852.123928276003,1271.5462055310363,5479.945925077062,13.416985101578955,245.54364179138537,0.5576021193542371,0.4962080887130128,-0.6062583767591655,-0.27442337691381835,23.795538342880945,9.362540380245548,5479.8862631409875,558.5336971853776,530.3208208454496,-1196.8767244050773,2402.483435478974,4777.590060961198,0.18663255137788431,-0.33788900391714594,-0.9058694748072054,0.17435540258500196,0.13814171050969662,0.5066292330973956,0.5210450775243274,19.705823471176256,20.530800191902138,5.369761165933569,0.04223500649542248,0.04032613333827635,0.21717370322297683,-0.08430543694679496,0.01925820345502273,0.07690023280367644,0.06409222578525645,0.253170348797079,-2206.1702623615274,-4852.230563079537,1271.2566604153963,5479.728292576376,0.2175943880970939,-0.5977515853114385,0.24577002898980266,0.681951011894062,46.332372682572974,1.5372895261476742,1.2303379570385005,1.9862096476685815,25.300988849887638,38.08253293569913,0.2645471236278297,-0.327489422218715,0.6843011932368979,-0.11877171629338021,0.7678698882765655,28.826203077702733,0.04620507238939808,-0.051019082158632045,0.2674411622037628,69.89416221860664
FC21B0003154_11205065501F1C.png,RC3,2011-07-24T06:55:01.993,1460,1459,1413,0.2692953502336014,True,-2672.279687096874,-4616.345613811617,1255.6488175539907,5479.815645188537,13.246486719343709,239.93459138606855,0.5715230537268651,0.4656366670278029,-0.6288714188188527,-0.2471125896645511,24.18194114528842,8.957850168765503,5479.75496677505,559.2904689681982,529.5293355450592,-1206.0086116119464,2413.415510800474,4769.627690522455,0.1878421203388288,-0.33733937518146245,-0.9056706890862175,0.17515161063743936,0.13643944983191583,0.504523847541617,0.5191218836243253,19.63596641038302,20.441270974873056,5.297622251606393,0.04196482411066966,0.04011716167749204,0.19675794483348943,-0.09639335768366768,0.02553863754821356,0.0939545464525915,0.06002531390244065,0.25193507498021944,-2671.9684734612547,-4616.694410789331,1254.66240076631,5479.731795049918,0.08374205846623056,-0.4440721597900223,0.9936390301411682,1.091572873278105,33.66610696682443,1.6743079687153113,1.275931202903621,2.1831365832314473,42.58796115191745,41.93470291855874,0.26990104289732086,-0.5757609614645327,0.7436116537108806,0.5187005626412908,1.074015479388256,35.562905294565496,0.0029730576610518256,-0.04835497936517186,0.2755615849507959,66.10256741803306
FC21B0003162_11205070003F1C.png,RC3,2011-07-24T07:00:03.879,1448,1444,1408,0.2671851355981686,True,-3115.702024975749,-4333.999875637429,1239.373811020188,5479.708155906292,13.071990794213805,234.28773353267087,0.5842141196167494,0.4337710502312095,-0.6501107745183383,-0.21884359546696083,24.186971880456895,9.468695271723561,5479.646595183586,559.3012454780946,530.5293598569408,-1215.1569536218553,2424.7260041153763,4761.438738127066,0.18900956155889134,-0.3368174114208879,-0.9054486902022131,0.17604569410850454,0.1377013694845661,0.5129686423725983,0.530091145637747,19.987260201470246,20.857200746154618,5.340392670254788,0.04294778396247563,0.04094068939161738,0.18039396027790902,-0.10889244279412144,0.03438594872278619,0.12029588735303362,0.059394248191073154,0.262405270268108,-3115.4948694715886,-4334.591769227006,1237.9500893532422,5479.73671915759,-0.028784011809103338,-0.5136642741595777,1.4681809504735341,1.5557103873205584,41.718394061491935,1.6556242922238198,1.3571443149129436,2.2482522669496983,60.90189519050856,42.87488807778862,0.2683101695070319,-0.6158857130709607,0.004096189261996397,1.1557373508304727,1.309603304224617,46.05554504023332,-0.07952048635479514,-0.01556981360147347,0.27130674097491275,47.139571279942075
FC21B0003163_11205070501F1C.png,RC3,2011-07-24T07:05:01.989,1469,1464,1429,0.27069554877287666,True,-3524.490312082098,-4013.513014075865,1223.5969153256572,5479.736132818018,12.902630063210182,228.71182223309668,0.5953279922683543,0.40141584411969083,-0.6695073772526637,-0.19028865839998377,23.999584384906257,9.510649621241555,5479.67532366695,558.9345326662661,530.6113620928472,-1224.084397529311,2435.719714405439,4753.56655006463,0.1901355856994116,-0.33627404480786327,-0.9052534267512681,0.1768741337629329,0.13442612438384344,0.5008642747225356,0.5201599617358396,19.556992017027685,20.41379460376215,5.223404529677192,0.04178339196372917,0.03979194759129214,0.1508951432955074,-0.10792245412186091,0.03886835737059175,0.1347077273417969,0.05023132075361611,0.25389891976591794,-3524.406442772998,-4014.2540853585015,1221.4363869231042,5479.743012494017,-0.007356345830595412,-0.5519609937923036,2.2179694837176815,2.2856298224329867,65.20310353074316,1.4384516268297602,1.3950607233408618,2.1566424781790747,89.48209661641177,41.63594431701329,0.27321985025278855,-0.5083320271720978,-0.4317540499086549,-0.18994919577875247,0.6934650001538756,19.90786071499717,0.0330330273659456,0.044623696892927,0.2750685331888848,64.68301936523163
FC21B0003164_11205071002F1C.png,RC3,2011-07-24T07:10:02.235,1449,1447,1412,0.2777675495167113,True,-3902.7568908295525,-3652.3254570891436,1207.0536515645401,5479.778381574775,12.725137002059002,223.1014882685539,0.6051375157977872,0.3679941177897731,-0.687353569530779,-0.1610403263145779,23.967957182377177,9.060057786843345,5479.718474844816,558.8723092323205,529.7294595451381,-1233.84078862133,2446.940103326833,4745.323187122183,0.19136985639251194,-0.3356936577014767,-0.9050532433735927,0.17766815387754034,0.13531379669783358,0.5013128216026441,0.5177376243818803,19.59326712938696,20.303189768469295,5.257866397661458,0.04161264975994173,0.039948947297725836,0.13044814804438148,-0.1079206369583278,0.043261620601044666,0.15517593424497286,0.04424228813824781,0.25205253409122563,-3903.0570551015917,-3652.708578904755,1204.7920625864417,5479.749834787533,0.028058548649100346,-0.07462751472634033,2.3119924466909447,2.3133667287446027,54.516608863472456,1.7045385132868205,1.478525276208984,2.4370485343656343,90.58525002691452,47.037492953323614,0.2803546039287851,-0.48275195835735774,-0.08082912168147596,0.04760245850171823,0.49178124635356996,12.65411308999011,0.03028871266474198,0.014738737644961475,0.28359323664524005,55.65377482573867
FC21B0003165_11205071502F1C.png,RC3,2011-07-24T07:15:02.000,1486,1482,1442,0.2566704102396239,True,-4243.827951664787,-3255.6971561168853,1190.5785516613696,5479.700442848587,12.548780617425,217.49399539678998,0.6135248347344311,0.3337723647430216,-0.7035350564377821,-0.13123151321625126,23.93207121180035,9.480101712523549,5479.639981512839,558.8028019856963,530.5517021882172,-1243.031041808337,2458.334973578746,4736.937822067698,0.19253859666793227,-0.3351334260698676,-0.9048348907025414,0.17857294333447024,0.13210302613220756,0.5001930995832657,0.5162399558896156,19.57022928660694,20.220829488952514,5.1473917580333115,0.04132226931908347,0.03980333991161057,0.10766564583550561,-0.10391643158852332,0.046006314406918866,0.17463442370656196,0.03697510246970475,0.2518479688988461,-4244.19754988042,-3256.196077314762,1188.1626043795475,5479.758763921729,-0.05888851829711339,-0.17086715109405146,2.4879033402292015,2.4944591540520045,64.62121087594838,1.6178403401478363,1.5201250753942759,2.4034204641825037,97.65262899259659,47.50522085607731,0.25977677200415866,-0.3769491711701022,-0.17090900991136845,0.34802311822351484,0.5407593347624521,14.882423601334173,-0.008320926078340563,0.02067376955551481,0.25963067667418843,50.5402096501546
FC21B0003173_11205072004F1C.png,RC3,2011-07-24T07:20:04.993,1448,1446,1405,0.26477104518760974,True,-4547.833115525801,-2822.9531168665826,1173.934017813825,5479.960896291175,12.369950222390361,211.8289030565947,0.6205066606167514,0.29850784598123076,-0.718138288301958,-0.10070724349632375,24.056093833367186,9.466854284611202,5479.899917690086,559.0431171681555,530.5249000665339,-1252.6278126485665,2469.8709034602807,4728.703068294725,0.1937610670957221,-0.33454515716361666,-0.9046198067821118,0.17944133267949358,0.1352344320545488,0.5132805191373621,0.5278493785143399,20.102603644747685,20.66348759277625,5.262205030169534,0.04241798013212922,0.041118722720742594,0.09271603162269071,-0.10064345596953927,0.05224152168878077,0.2042994437666889,0.032805403987288866,0.2633547339476316,-4548.145143517115,-2823.154836206832,1171.3438580453915,5479.76951244092,0.19076244163578876,-0.006826962080098586,2.6097016820041743,2.616673419746054,70.80891495342294,1.4997162793122243,1.4298843336707705,2.2706729418728617,102.192434914636,47.83782484889332,0.2685478847139894,-0.25009277330841306,0.021982777078059762,0.48767080682806363,0.5485001855801797,18.477884582977655,-0.004872485406508531,-0.000661516380773719,0.2679281403410456,54.88444718181652
FC21B0003174_11205072501F1C.png,RC3,2011-07-24T07:25:01.996,1463,1462,1429,0.26433095031580545,True,-4802.840959328764,-2371.4118625959277,1157.1997694825436,5479.962299975903,12.190884651040054,206.27794434674252,0.6259418131483869,0.2633227484720797,-0.7306791643880385,-0.0704693934897804,24.873319673416972,9.41785435096483,5479.897757362362,560.6412818762078,530.4290279704574,-1262.319587810712,2481.174708271812,4720.202128555393,0.19505501173873185,-0.3339575127708242,-0.9043856791827722,0.1803121331154503,0.1332662100207546,0.5026974134655257,0.5207233050891775,19.670345148579838,20.39870268187528,5.19662407420051,0.041843156099947425,0.04015501384091201,0.06962853925751555,-0.08350282292624449,0.05173179426833009,0.21487764112554958,0.02702963198582731,0.2571111523181572,-4803.286732136792,-2371.2368304136176,1154.8450435658642,5479.780525867802,0.181250269422029,0.3542777448185274,2.369750920089214,2.4029323344411795,65.0534283614566,1.2620212218701,1.5276876774402126,2.170079484336652,93.84423796718758,47.36622501157868,0.2674057717727471,-0.4672856039139091,-0.01824423376444212,-0.2525016749061245,0.5314562856164528,10.397817193497113,0.029947760060736073,0.02183357927299312,0.2671511458650547,74.97263325175628
FC21B0003175_11205073002F1C.png,RC3,2011-07-24T07:30:02.106,1406,1403,1369,0.25626085333125337,True,-5015.548309330957,-1891.4797318559552,1140.1881074227974,5480.278217350181,12.008275111238772,200.66262414277182,0.6298541323997998,0.22721620724532335,-0.7416821856173568,-0.03954873704438546,24.3216538304157,9.384884823399034,5480.2162111229445,559.5596937535357,530.3634422248882,-1271.7765650472652,2493.1590699231538,4711.707923908205,0.19622998525693694,-0.33339588501934353,-0.9041606670381868,0.18120282812167082,0.13959335276503454,0.5230516635250352,0.537839490859479,20.47098976688538,21.083149393232382,5.441571789847078,0.0437330862424208,0.04226229981680514,0.0561407760201228,-0.070098327517891,0.05761737464747439,0.25163668607674106,0.022078870371372492,0.2745632026836097,-5015.53322125241,-1891.333301082539,1138.164945529273,5479.793298337265,0.48456501167797866,0.13168909635811055,1.9653774192976348,2.028510209224278,46.64427633664443,1.735954505175755,1.5941711364730509,2.516378716085189,77.16514779412752,53.39967877142189,0.2600549687429555,-0.44759685841023034,0.34715676887183844,0.18671001131559822,0.5964238410373227,15.62894796252821,0.015017005637901093,-0.01689553295011592,0.259751627912712,51.268365964238846
FC21B0003176_11205073502F1C.png,RC3,2011-07-24T07:35:02.051,1409,1409,1371,0.2630341223944608,True,-5179.7306180484775,-1392.7280859478337,1123.9016972030886,5480.187571781897,11.834447448458105,195.04976907594943,0.6322088323811498,0.19070293656865975,-0.7509150459620757,-0.008424724988195386,24.247025559115855,9.345261277517977,5480.125962946102,559.4145416838144,530.2862113086777,-1280.6378986189814,2504.392690582566,4703.237145402105,0.19737650627873535,-0.3328232853283043,-0.9039469520772053,0.18207438958515013,0.13781524744507953,0.4957671342436145,0.5140679848962045,19.380908237230905,20.164811078002714,5.391068979703118,0.041722486905048276,0.03986788517336332,0.04064603366680828,-0.04437504561107364,0.05214030376876878,0.23675275932480358,0.01593763700027841,0.251645193928107,-5179.805555018561,-1392.9017945533278,1121.481893879691,5479.8068063911705,0.3802410788048016,-0.14828928167110011,2.392627293158137,2.4271873337331016,67.33128057384265,1.4979505124955494,1.6022419981129588,2.367535444798397,93.89025944122561,50.95317276923992,0.26731652359805874,-0.5595768758358505,0.17367520564775832,0.70865217454861,0.9194983749411826,32.914947240563514,-0.03727847851291699,-0.026252202780483458,0.2679446053206575,62.290955287845804
FC21B0003184_11205074004F1C.png,RC3,2011-07-24T07:40:04.727,1369,1366,1327,0.26696414955808695,True,-5295.380287546283,-875.5370908764016,1107.0046065535003,5480.244226872078,11.65388754619122,189.38833688674075,0.6330607175430688,0.15349775491310266,-0.7583792164520166,0.0230982941819774,24.219154378092526,9.27046418952682,5480.182868957904,559.3595475759585,530.1396644582034,-1290.0548521292305,2515.973783673885,4694.540572252868,0.1985857969211743,-0.33223764254638194,-0.9037189777138779,0.18295857306010083,0.1415318515538758,0.5097708598852807,0.5261489082424669,19.91442496936475,20.66153308794976,5.544581708073097,0.042994491365457965,0.04120085581907235,0.03363584500456954,-0.023561883335886595,0.053235818577545876,0.2582594144847835,0.011082737177665532,0.26483500874783344,-5295.404793880088,-875.7377204113304,1104.6361168667972,5479.822026004676,0.4217015498530722,-0.19394252477805046,2.331340873110376,2.377098266101092,61.42768739851925,1.904073987052584,1.516309109489498,2.61678523453748,91.70108113467175,56.755308948943714,0.271197798441907,-0.621160908568049,0.09499720987425139,0.5500932764301079,0.8351454705562306,25.934979794421277,-0.016081272811334202,-0.007272204021887774,0.27291452488698664,60.509117223492936
FC21B0003185_11205074501F1C.png,RC3,2011-07-24T07:45:01.996,1339,1336,1293,0.2729994872564645,True,-5358.806979510315,-358.88880602244103,1089.5058226548094,5480.204043312202,11.467235221308814,183.83147845094567,0.6324294496426606,0.11670651392527379,-0.7638616393473686,0.05411078234180193,24.206938623782435,9.22633733436956,5480.142813390657,559.3360057471366,530.0534525368666,-1299.999557525747,2527.702341590283,4685.441108272226,0.1998519704449227,-0.33163661707593206,-0.9034792675523274,0.18385199815836295,0.1447078034088133,0.5172227266842222,0.5303087397783198,20.24887630343572,20.796558986959965,5.6709291137330595,0.04355481751238463,0.0422352232429653,0.03266642922579451,-0.0033462873181277497,0.055408320265093826,0.2681245020480636,0.0038792094217035772,0.2688961255774771,-5358.728747071958,-358.79966242100693,1088.0812569220998,5479.838665883696,0.36520315752161436,0.08371801208073251,1.379518891167458,1.4294944641020475,36.380015165196276,1.7912584070311368,1.312705316918482,2.346848643990005,54.20243569554795,53.110874157070846,0.274750723494152,-0.5460638009980427,1.0205589384196774,-1.1287698944160025,1.616739835622492,63.87501400844325,0.13348723206297564,-0.05526769418599997,0.28065473937264074,94.65710651147809
FC21B0003186_11205075002F1C.png,RC3,2011-07-24T07:50:02.039,1327,1325,1277,0.27922386883877304,True,-5371.6156967655625,167.54300429367999,1072.7055321680032,5480.239320574401,11.287992749067156,178.21349916804425,0.6301852630469746,0.07936505472858475,-0.7676333537216317,0.08547956820447472,24.306119686851503,9.296755228091484,5480.177533041952,559.5296523032389,530.1911268026474,-1308.8728524597552,2539.4481920011553,4676.652408187474,0.20102398784620484,-0.3310382024818177,-0.9032468259581171,0.18479241381778355,0.14629769326696432,0.5257954597180682,0.543810608117449,20.61802484405126,21.302817294662926,5.725969268790243,0.04484370636214214,0.0432042786920121,0.03487741887720495,0.0192809532921764,0.057409551986119876,0.27549312575460383,-0.002479237086188101,0.2832233133846303,-5371.508769958376,167.03497743307446,1071.3612858696051,5479.856034083924,0.3831104261607092,-0.5044579699015919,1.2943227193858111,1.4410144842951986,53.99255125530146,1.6850354314223068,1.3318816238697764,2.2506263909263082,54.44272610179535,56.12738120890447,0.2811260238965586,-0.4016259906266911,0.886778710186642,-0.029749435435590707,0.9739429891404794,41.39229859222406,0.039959937246862864,-0.054766224649483775,0.28460296295974713,94.42384766064801
FC21B0003187_11205075502F1C.png,RC3,2011-07-24T07:55:02.012,1323,1320,1279,0.27112587102212043,True,-5332.627597883581,692.5213757760375,1056.3246079838152,5480.175602209158,11.113535939713275,172.60069763128357,0.6263401446613158,0.04193191624274081,-0.7696184457116233,0.11673553703255442,24.1384879236565,9.69611582635406,5480.113862848755,559.2024032995665,530.9727831783871,-1317.7673437840697,2550.606520603254,4667.999596803854,0.20214967419260338,-0.3304597558646945,-0.9030210383388819,0.1857010050997002,0.1438756424168662,0.5101207513123068,0.5322008638824995,19.99764807920614,20.847658107342937,5.621967581171203,0.04376876298404369,0.04176276845347243,0.03750472556984739,0.03488418439119489,0.05362032627485007,0.2549188409310077,-0.005859665738053847,0.2717375744167219,-5332.746562795299,691.8017338468183,1054.6350310920175,5479.875052477474,0.3002489604934242,-0.7289665613921119,1.6628786918780791,1.8403008530692402,63.3525562964606,1.9228958123399025,1.3598233410624516,2.4798948552335256,71.15640359685014,61.67648688699944,0.27341430413423007,-0.8455210809186477,-0.677979383452231,1.8888138676743296,2.177654648786847,79.74888357943078,-0.15168519934786673,0.02277842931403029,0.27930478261887987,78.45493415197548
FC21B0003195_11205080004F1C.png,RC3,2011-07-24T08:00:04.731,1290,1287,1250,0.25688790143075174,True,-5242.031522912769,1215.9484589234933,1038.5519324097409,5480.512317136199,10.923551364026203,166.9405529035864,0.6209967183282895,0.004227276224294438,-0.7696986988930921,0.14801729251509765,24.16130234789864,9.034611842789246,5480.451611458612,559.2441014015156,529.6773007506886,-1327.8332576774962,2562.714984385191,4658.901802667101,0.20344979449280956,-0.3298375760368877,-0.9027770232437592,0.18657170433396608,0.14514191900987686,0.5138142626018875,0.53648952982012,20.156943171929417,21.000556868877418,5.6757407784242675,0.04412902796254983,0.042130674976801306,0.04620804803154405,0.05632043386772553,0.05123323119289148,0.24959557203541485,-0.011515661292724959,0.2770886686466456,-5241.702258581501,1215.2800088036329,1037.7459539202441,5479.896416201132,0.6158256135775073,-0.5768107994794196,0.7020612532991197,1.0976528996536798,58.07737524895497,1.8873957602696692,1.1539092709214174,2.270975326718483,35.58996104920962,61.62985533768175,0.2598888029044755,-0.5447051093699813,0.03894072431215745,-0.2698305354164422,0.6091211324743566,11.563379531832396,0.04998935272476501,-0.0033992380275549294,0.26136271298112335,59.72999624096662
FC21B0003196_11205080502F1C.png,RC3,2011-07-24T08:05:02.004,1265,1263,1227,0.24531024505866733,True,-5102.841197786655,1719.2544559434177,1021.9706286960995,5480.807252588577,10.746470941404448,161.38024740388173,0.6141493476963993,-0.03275467882449949,-0.7680213018385902,0.17858048510783206,24.141666260735633,9.3557744947189,5480.7460978831405,559.2031707744715,530.3047109448618,-1337.0714331952058,2574.056736352083,4650.346228035212,0.20461201053115557,-0.32923335551316757,-0.9025464613981496,0.18748121981045712,0.14720708438642516,0.5300041443215228,0.5540980643787926,20.76954335526401,21.718075482451443,5.757373040050856,0.04584528296758905,0.04357735398521361,0.061188163967991635,0.07975879397161022,0.05211829825238412,0.2521008223088651,-0.015344533866667991,0.2963099973630094,-5102.3254511240875,1718.43388330468,1021.1513179905187,5479.916973341111,0.8902046106631463,-0.6130373107239585,0.6650752697918529,1.2690957834908652,59.984044230346555,1.8151099508168045,1.302750659995354,2.2834704102739534,35.46738147565357,60.28022241446173,0.2515687157503804,-0.2068901917210383,0.724947384110706,-1.010019487523313,1.2603537703106138,49.89841507251052,0.10892229708338164,-0.032086787022876706,0.24755336416243698,89.15472678753214
FC21B0003197_11205081002F1C.png,RC3,2011-07-24T08:10:02.032,1260,1255,1225,0.24207099210011554,True,-4912.94196329468,2211.4259357051174,1005.3430142544439,5480.704150026824,10.569797319970013,155.76641606272156,0.6057114246587247,-0.06993422997498394,-0.7645271014590148,0.20909611342724982,24.30095620755651,9.656287716737353,5480.641768967952,559.5155321261342,530.8930307409499,-1346.029849092198,2585.2655646771823,4641.413964038163,0.20578116634193014,-0.3286513678832539,-0.902301048570315,0.18840171898454325,0.14731800656465766,0.5198246755290176,0.54049902595392,20.378188003844564,21.174383702964334,5.75512763367142,0.044614620066703595,0.04270220843363386,0.07689362257915996,0.0936197512821948,0.04716536239133392,0.2251064209118006,-0.02019979029596266,0.2820594419132087,-4912.738291414746,2210.4159412098825,1004.3921460951169,5479.9397566236985,0.7642673593952963,-0.8374880891149099,0.8247608595564736,1.4020418579709866,66.5191291995455,2.05576345496695,1.3814134817547483,2.5343003330983436,46.03384476770841,65.10632166641155,0.2471679473928707,-0.4253638547309741,1.0934515745718303,-0.0899892623106735,1.1767195172072349,43.626541207411925,0.04327252626046629,-0.09523388510706354,0.24553505995348882,104.08572121698897
FC21B0003198_11205081502F1C.png,RC3,2011-07-24T08:15:02.016,1278,1276,1247,0.23751607279193523,True,-4675.393200335728,2683.256979398966,988.7865034433343,5480.590145653159,10.393995297875291,150.14803584229088,0.5958000584388417,-0.10677667142964863,-0.759215582532459,0.2391918310531885,25.322478416616036,8.897195111553941,5480.524423505154,561.5139807037772,529.4082031948574,-1354.5158600614827,2596.675989952249,4632.432291213539,0.20701548672306253,-0.32801902907316416,-0.9020607226639556,0.1893001781554748,0.1439055680894148,0.4950609510876944,0.5144699933870419,19.41946269338836,20.128858095343677,5.607740884746032,0.04209169871728509,0.040389992940247955,0.08308754023043319,0.09327286052516487,0.03962230344455829,0.19138254277728084,-0.021826235943321594,0.25600344890693877,-4675.805008442687,2681.6875387094296,987.6266904746226,5479.9641433119805,0.6256751476885258,-1.56630352373115,1.0644810935069207,1.994466374076376,86.81405015996108,1.9751835454052298,1.2347165130018993,2.3903593703269967,74.17271572876773,65.53576435688952,0.2427590002406875,-0.5335093976348836,0.8941658253048266,1.3147273154047054,1.6771024758132886,63.729951152043235,-0.0802270465322863,-0.10929084550707557,0.24279765166809752,134.96216238966792
FC21B0003206_11205082004F1C.png,RC3,2011-07-24T08:20:04.610,1279,1276,1251,0.23685633249897767,True,-4390.868770415836,3132.52845324818,971.4042649857736,5480.519073541763,10.209432423265659,144.4952245679305,0.584188824889,-0.14365625349701214,-0.7521144736471502,0.2690912786332568,24.043641590486914,9.89404468371842,5480.457401224276,559.0139854539433,531.3588649361142,-1364.5446327588004,2607.8701268546674,4623.107251851641,0.20813501555574748,-0.32742398028982217,-0.9018266536213666,0.19021577024228817,0.1444274300721999,0.4962340869040945,0.5127736884098579,19.421000656306916,20.106437954937565,5.630503503119151,0.04205732206671503,0.04038890098877125,0.09801560985721659,0.10100594153671427,0.038496814462986674,0.17757463461190626,-0.022807970877848506,0.2544541626191278,-4391.079948852845,3131.5234125572483,970.7060051968906,5479.9901595839565,0.5287987641790369,-0.9408886656047281,0.6143046812424259,1.2418815786769206,69.61250818094189,1.8899123390042405,1.1680626838411854,2.259279288034942,44.03971996300472,64.19056431798151,0.2394621011016444,-0.6312067549455327,2.182717054439161,1.3318583143859395,2.63372782891995,100.55154880061136,-0.07159875758588896,-0.19508900791663564,0.24422676378816044,160.79076137139452
FC21B0003207_11205082502F1C.png,RC3,2011-07-24T08:25:02.035,1310,1305,1278,0.23285699529840928,True,-4068.627393383659,3545.5344913629547,954.3446546788723,5480.4486509363815,10.028395831837017,138.93004480464964,0.5714365008542379,-0.17938464482307698,-0.7433370313456963,0.29787838545844536,24.586410978210324,8.985144300453072,5480.386135221452,560.0759232043177,529.5807238148566,-1373.6822391752648,2619.3007283282373,4613.846358073056,0.2093963733208204,-0.3267970308614559,-0.9015808892969283,0.1910726550681283,0.14054597399408755,0.4806237478396653,0.49136200077801895,18.792633422856873,19.26697597211595,5.477506924862778,0.03989560115285413,0.03869481467342331,0.11536501847056117,0.10061258787011154,0.033178369873467575,0.143456992440833,-0.025405022447071796,0.2333669626905766,-4069.100547178988,3544.3987419636715,954.0650419436806,5480.016588418779,0.431934296597501,-1.1671873452382826,0.20758361743198928,1.2617386788426983,79.75794880459934,2.1091085792692184,1.117340361600668,2.396324826933007,46.41307671135547,64.26463698321015,0.23517323665549345,-0.23316624043520268,1.7908588262144103,-0.5617634859595637,1.8913275880360287,74.80736364082703,0.09940948925816429,-0.14212280622803064,0.23847953329541222,138.08610765924058
FC21B0003208_11205083002F1C.png,RC3,2011-07-24T08:30:02.020,1291,1285,1248,0.24333620237324083,True,-3704.925807555665,3927.728859115319,937.8305152209149,5480.2422670443,9.853490650684448,133.32796699891261,0.5569979654341455,-0.21495059778337974,-0.732863085099679,0.32628393388729937,23.70137134930576,9.399554049834137,5480.18295304807,558.3470371792336,530.3922537596925,-1383.3181824863254,2629.6563656784165,4604.822853264668,0.21050317923134482,-0.3261815264128126,-0.9013708551011228,0.19189738126085573,0.14431075826827128,0.5074680469476888,0.515998594696343,19.815756907881422,20.276242756555977,5.629120148341481,0.04230694144638789,0.04112735739496473,0.1521463244590008,0.11391970213331869,0.03336281840744541,0.13441559655322385,-0.02934907666396984,0.25804204234124123,-3705.114355980275,3927.4078267865334,937.2716040032151,5480.044040741463,0.19818873923994496,-0.35744804617515563,0.5328659603908426,0.6715608787140674,53.6233072666969,2.1976859862433002,0.9751600426764071,2.456334836751782,25.13026731968795,62.819435695321665,0.2438292392700021,-0.3552806253901109,1.5241468730472165,0.28916594444484933,1.5914977087083344,61.0798107317433,0.030463991553915548,-0.12722587827181542,0.24748711047376495,100.79897803909859
FC21B0003209_11205083502F1C.png,RC3,2011-07-24T08:35:02.735,1264,1260,1235,0.2343532433182836,True,-3303.6242194357787,4274.332997531114,920.779806578197,5480.117791546835,9.672828045364055,127.70037141919262,0.5412182059406941,-0.24998389399903495,-0.7205267825122837,0.3541638914145705,24.65493672966886,9.524053865847549,5480.054054087513,560.2128430088934,530.6363085246163,-1392.332679745615,2641.0286831585804,4595.439936814996,0.21175335431692652,-0.3255430490321878,-0.9011028703183039,0.19286227538445666,0.1448685073857062,0.5243736913464441,0.5352309279933276,20.494097590521974,21.019801433308132,5.661254179754656,0.04393558902190755,0.04261594404734622,0.1845944130805372,0.11851693612396703,0.03125190883157296,0.11957086972065571,-0.033998025160005864,0.2782615160878638,-3304.160184760256,4273.937673996787,920.4286619700651,5480.073602565937,0.0441374405875211,-0.6658174610173377,0.34868475245945046,0.7528891430050638,61.280236493486484,1.8433112928536275,1.042517620360627,2.1476273406863364,29.449519946779407,58.666746786874555,0.23468207262964433,-0.1678802599576192,0.5260234137637902,-0.7662010811402109,0.9444302569547302,37.51996813472581,0.07217529082538476,-0.02525435198890591,0.23565356394221415,76.28851333109189
FC21B0003217_11205084003F1C.png,RC3,2011-07-24T08:40:03.910,1280,1276,1256,0.24579340906082475,True,-2870.095600918106,4579.897310571898,904.585890451706,5480.071511120769,9.501200079570275,122.07423999021177,0.5239553230923795,-0.2843811411896187,-0.7066229238718261,0.3811590604953289,24.55124389049638,9.205518372044622,5480.00878300869,560.0104644549914,530.0131578665686,-1401.684846528807,2651.296457709546,4586.620809631618,0.2129173983342795,-0.32492766001447637,-0.9008832163388284,0.19364304212412595,0.14319068605571944,0.5228083830367897,0.5359153200730837,20.466109942001186,21.0115412904689,5.589843126657556,0.0438333115933841,0.04244555311626916,0.20607801092511174,0.10901676264703716,0.02746743294016104,0.09664980430154586,-0.0396097484449856,0.27830959300902836,-2870.2258666982734,4580.059310308901,903.5508687837605,5480.104377134709,-0.03296759984802508,-0.024356457339608492,1.0548947064681609,1.0556907413577248,32.45475660946717,2.090540739340554,1.0383394397476877,2.431398555415552,41.37777633983246,55.345955111203544,0.24650642456855376,-0.0168741840217084,0.9474798285157968,1.3363541147851055,1.6382445127739036,68.13864137602906,-0.09698701893864836,-0.10544293648729308,0.25078857664809684,90.93119020349975
FC21B0003218_11205084502F1C.png,RC3,2011-07-24T08:45:02.012,1291,1287,1266,0.25296947106868195,True,-2413.06719544877,4839.61431274096,887.0778253326511,5480.115605900577,9.315576372550659,116.50118056712034,0.5055762001892378,-0.31764511563572434,-0.6911586836294927,0.40717804503500143,24.44526066840001,9.18554900847974,5480.053385593552,559.8028213236879,529.9739353275834,-1411.3938651909107,2662.709908128431,4577.074432046216,0.2141398217337269,-0.32427339430763935,-0.9006330750591099,0.19455324875627514,0.14294059552021643,0.5320591291975495,0.5504032283046748,20.82920220224116,21.580608525303074,5.565792770594273,0.04504582855539094,0.043183389659962296,0.2353320126237091,0.09902432555704739,0.025789139531315036,0.07797145659926892,-0.04546233914688451,0.2931591753153587,-2412.9117978317845,4839.7579800720105,886.8369846902406,5480.135079284178,-0.01948272768820794,0.2031737111100252,0.24725250827503434,0.32061337528663514,43.585080146457365,1.9366732221138818,0.8239618678115903,2.1461453276166527,12.540218278115214,51.137478161194565,0.2530087929652341,-0.3632965144130811,-0.010686866130883182,0.9495567891927509,1.0167382467451687,40.50010120432954,-0.07054270682544939,-0.020450684566526434,0.25582301356953235,82.57778420296881
FC21B0003219_11205085002F1C.png,RC3,2011-07-24T08:50:02.875,1282,1276,1247,0.23537396308107753,True,-1929.0837575990226,5055.295177688662,869.7650210563706,5480.316110339602,9.131859061537284,110.88668735361624,0.48577067753133857,-0.35033304579542485,-0.6740044353435695,0.4324484096532694,24.514225755375833,8.898939841302962,5480.254057144894,559.9359269688791,529.4124715126248,-1421.8271105437661,2673.4990211151294,4567.786698289118,0.2154211610802497,-0.32360870821099247,-0.9003910648433475,0.19536391089224325,0.14470422308612252,0.5429560468454565,0.5620841402496389,21.252316994826923,22.0454772140191,5.638305389380637,0.04611997730900071,0.04414858600280351,0.2658689900883584,0.08266688403828938,0.02221478684126713,0.06022174185498229,-0.05046870916468761,0.30558842976183886,-1927.7155697541143,5055.623280107694,869.9603444805325,5480.168343144944,0.14758509210826734,1.3953026485609314,-0.22156167507503235,1.4204718991785124,75.54333148600759,2.0825803667505625,0.5463331725331955,2.155227554947044,55.36247820655581,46.37203484005329,0.2365704020374333,-0.2996653827389174,-0.1878086890998886,1.5424757227669232,1.5824989101540712,62.79557437914209,-0.12321115353506684,0.002348512884623233,0.23918169627593697,131.00424970944633
FC21B0003220_11205085502F1C.png,RC3,2011-07-24T08:55:02.559,1248,1244,1218,0.23017005076325,True,-1426.6811455072484,5222.404764678374,852.1803833230089,5480.432649235077,8.945511131349534,105.2795107561966,0.46471417340469356,-0.38205916766388764,-0.6553051933026705,0.45677853832171245,24.61569296208154,9.11942030337147,5480.3697801001645,560.1333256042758,529.843507763534,-1431.215163348594,2685.180006448947,4558.132678188481,0.21663832411945372,-0.3229782747053631,-0.9001148123987176,0.1963318494067705,0.1482970881463119,0.583838273522679,0.6006497361975373,22.868584143794696,23.559502639052823,5.7624997855248346,0.04961008022271203,0.04786553461625574,0.32161774153587513,0.07457983469166295,0.019144676244554536,0.05279549876265462,-0.05951413781988058,0.3492260212782589,-1425.4257687348525,5222.34923449427,853.1415304284337,5480.202607581037,0.2298181277203992,1.1964525200351053,-1.009229010560646,1.5820424141863214,93.34886936321857,2.156434875804962,0.6665338375219108,2.1965381606599608,61.36883338428766,44.68885692110278,0.2315481449868494,-0.11818323481170678,-0.23357463368070172,0.493820386952194,0.5589123017605244,22.43398183697026,-0.06893299932926311,0.015162236749688418,0.23193063916558038,115.75213668010306
FC21B0003228_11205090005F1C.png,RC3,2011-07-24T09:00:05.352,1256,1252,1224,0.22615750695326906,True,-904.7359555810076,5340.517225956984,834.5583585428374,5480.525435017894,8.758909263322836,99.61517598127207,0.4421930706118432,-0.4131150793595715,-0.6349282942025671,0.480278336727384,24.456889815198565,9.102075829934932,5480.463306750101,559.8219846559467,529.8092658701388,-1440.675235576466,2696.7811674708614,4548.404692224435,0.21784639426573396,-0.32234497878088314,-0.8998457200754879,0.1972671873931313,0.1477656636184288,0.572664313949489,0.5884993578669208,22.405029295627756,23.100424436188035,5.746867767590102,0.04851531452136383,0.04675153293282178,0.32331011091106104,0.038313734160140306,0.012659869835645864,0.03710011357503126,-0.05737068823088377,0.3357003775395194,-903.5704633956245,5340.172954835833,836.139657742031,5480.238708042744,0.286371590133002,1.0917232091751636,-1.6442425439487025,1.9943424471283568,109.66981714717366,2.0235749756490122,0.6816427850935725,2.024547754096263,77.3818093403959,38.74841505570614,0.22827519991369236,-0.09749290817324283,-0.7311636870773789,-0.15969126197107286,0.7547227991750199,32.69158136228424,-0.010197067187277753,0.08164877103672552,0.22846506576465514,118.6024863879435
FC21B0003229_11205090502F1C.png,RC3,2011-07-24T09:05:02.016,1256,1254,1224,0.2223829927937578,True,-384.55800523880526,5405.549458323431,817.9605261982421,5480.593875502225,8.583274004605517,94.06924255522868,0.4189765534249944,-0.44246391261238427,-0.6135797556189423,0.5021993799383392,24.781159945794798,9.046557110703674,5480.530383284881,560.4554604796153,529.7004220905526,-1449.8616228312835,2707.4554571912377,4539.2174931544005,0.21903174150694663,-0.32169124258321974,-0.8995997744445206,0.1981415818980603,0.14803731040007492,0.5589040485877138,0.5790242084484905,21.873390008976987,22.719887777022834,5.771882521852298,0.04777146853250988,0.04565362623776581,0.3131646471560219,0.004475818987040931,0.006010076765809799,0.030271810787618862,-0.052967993471068106,0.3261213568239858,-383.17859105750904,5405.095001521429,819.4743034636513,5480.275170295192,0.3183129582008771,1.3438241888793279,-1.57912934484194,2.0978169790800894,119.64199706755916,2.4604478140831816,0.6296718510095616,2.425530456107474,81.31566598148133,46.525308828372204,0.22506889120077417,-0.17300872494706399,-0.3177691104201257,1.1219384826157537,1.1788363691450763,46.66095322509221,-0.1029380158083768,0.015685260706277404,0.22439133823230936,165.05856119559306
FC21B0003230_11205091002F1C.png,RC3,2011-07-24T09:10:02.227,1240,1234,1200,0.23586051720897122,True,147.15017407167932,5419.460345490332,801.2626901423101,5480.349031648039,8.40715158976277,88.44467670320807,0.3942762949989017,-0.4711418789493846,-0.5905468457961154,0.5232838197596421,24.832025767724872,9.413100560559599,5480.284689021157,560.5570998768269,530.4184248953756,-1458.0289611013302,2718.639664904724,4529.610957872885,0.22012900389344356,-0.3210822235662055,-0.8993316839629072,0.19912797285942316,0.15317015976218284,0.5608367773585718,0.5774404925372342,21.926389620566223,22.68493526670613,5.952555836117769,0.047813834701803164,0.04589624947317223,0.31308684020372185,-0.030539484840373655,0.0008765298863909775,0.03325039583998831,-0.05054155833205671,0.32509927505745423,147.57757866410049,5419.214542087224,802.6012165222546,5480.313322033422,0.035524089486618254,0.433937506416855,-1.358375186758158,1.4264455364329167,96.51072087562275,2.1672505559570254,0.6554929954389763,2.168603990985226,56.021119184746844,42.28651515875791,0.23688756378603812,-0.5457593067223223,-1.5571619280187456,1.1902489988587217,2.034526768127978,77.05889195847655,-0.12045929470491501,0.09652171649918273,0.23993981535171038,160.21264344313468
FC21B0003231_11205091502F1C.png,RC3,2011-07-24T09:15:02.094,1270,1269,1240,0.24239442470680195,True,677.6956398407667,5381.321421669944,784.7968128822012,5480.309996806119,8.233232508978082,82.82225360941503,0.3684983470380146,-0.49861886685784496,-0.5662427117296454,0.543099793092124,24.448984687582993,9.373450515389067,5480.247443926808,559.8084117710773,530.3409648310767,-1465.79649099542,2729.9941939598334,4520.2179160992,0.22116231114612916,-0.320467745650111,-0.8990833101006481,0.20009212284570263,0.14561786247494649,0.5279660067094134,0.5533702118142124,20.678926227119227,21.688399157687122,5.696343319114367,0.045435714603443866,0.04301013315283561,0.2712457484040449,-0.045142161475083396,-0.0034682026487203913,0.034883901524563964,-0.04140917716049093,0.30004160750715403,676.8077569301415,5381.339440966983,785.7409129136395,5480.353246002854,-0.043402299560102955,-0.8831914587627882,-0.947668040491617,1.2961425953219297,91.9356025773739,2.2578333280865763,0.8815648761056991,2.353873173644245,50.7860558149301,46.930915914295014,0.24340766410422035,-0.46281454717480464,-1.7930867587867316,0.7140547323386941,1.9847497551047109,76.62701093697508,-0.09505728739986807,0.13076743029137106,0.24670689099028129,114.49134035060882
FC21B0003239_11205092005F1C.png,RC3,2011-07-24T09:20:05.121,1280,1276,1248,0.23731605733153507,True,1206.4071444082042,5290.3814351067585,768.1351587526431,5480.290644583858,8.057290932981713,77.15405634494012,0.341558022449102,-0.5250295358609185,-0.54044664463,0.5617824561896734,24.48396711370117,8.878110695979245,5480.2287601539165,559.8769786656819,529.37179530734,-1474.689460516724,2740.737229271995,4510.791059696371,0.22231796000883275,-0.3198047068746598,-0.8988431326772766,0.20094948857168995,0.14335427669557138,0.5115784190851156,0.534299144777554,20.065630753275247,20.905290612261602,5.6062070802515125,0.04360688583953626,0.04159187015973704,0.24447831678783574,-0.06271250563237471,-0.008512701387290334,0.043112251040890746,-0.036205453265774706,0.28014793580183583,1205.4966386733392,5290.614482909894,768.6949708644861,5480.393755092877,-0.10321872111523835,-0.9395263389648613,-0.550779199259531,1.0939477009136913,77.72994085729985,2.2018158376628207,0.6638006042671805,2.266965962564781,42.67057297820751,47.824079184060146,0.23815309108719174,-0.4005148376056002,-0.6250518339075863,0.5887785317037819,0.9475030815827137,35.09266518973934,-0.07149478587427893,0.07176711425302074,0.24226772422021647,89.89553090450988
FC21B0003240_11205092502F1C.png,RC3,2011-07-24T09:25:02.023,1296,1291,1265,0.24144452385919873,True,1712.6216889481902,5151.3165203303815,751.8104276142986,5480.360741881328,7.884851155913453,71.60994723372741,0.3142360374481853,-0.5495753582252815,-0.5139627319735589,0.5788479494156407,24.9392426439191,9.604586940045436,5480.295580280334,560.7666600005025,530.793066163925,-1484.15346830059,2750.7714893893594,4501.655090835818,0.22348594966248442,-0.3191197284233183,-0.8985964069080413,0.20184431308918022,0.1427270427600223,0.5077880641699327,0.5278559805820298,19.944896503653474,20.622554069485897,5.5732371862777335,0.04295202616313829,0.04130699865354667,0.22560165519851832,-0.08185634528683791,-0.013040902445595904,0.05717002215924427,-0.03149662278347647,0.2740799857269227,1712.5505735207817,5151.393988653658,751.9860442326035,5480.435430139106,-0.07469157152972827,-0.09192279379483567,-0.16694703014730133,0.2046947526235891,55.28394418127733,2.2393373709077196,0.6011017857751995,2.317855407138839,7.476795118025898,49.02382047166222,0.24155438334008691,-0.3996216486287263,0.26861057627610285,0.41574915719305,0.6361575791003772,24.807575992674224,-0.03177189199993791,-0.016258959956871877,0.24503024041931018,68.90460237198252
FC21B0003241_11205093002F1C.png,RC3,2011-07-24T09:30:02.063,1291,1289,1252,0.2403005265401348,True,2209.072678429546,4961.3581029878205,735.1953175359284,5480.473380976642,7.709363924040095,65.99871110877376,0.2857759831040783,-0.5730552130001842,-0.4861242191151955,0.5946621342610042,24.74610253519677,8.737721737058706,5480.410546867973,560.3879673601639,529.0965302960936,-1493.114710149198,2761.444304368947,4492.28475230566,0.22463023281921507,-0.3184392094447906,-0.8983690385089514,0.20265931767442577,0.14648329702507726,0.506564802594038,0.5247365074708185,19.902565476429114,20.505328909704264,5.698640779563837,0.042998230164481316,0.04151269129785013,0.20455172165340044,-0.09822414676636328,-0.016408542614254236,0.0779795443618499,-0.029231038738384195,0.27088239179189566,2209.042056255688,4961.392838066811,735.0937560189182,5480.47885955826,-0.005479715548712259,-0.04210306145099329,0.1032293074455536,0.11161982342634996,47.05449344600481,2.1683242780953833,0.4964225926058816,2.2447861193319056,4.378250539754637,50.62148341474785,0.24031296267161725,-0.24388975970187815,0.29417942886369075,-0.10527897874371356,0.39636777696897413,13.052622587144969,0.0035772923540662305,-0.02082684610149954,0.24140202398562582,42.77867881457856
FC21B0003242_11205093502F1C.png,RC3,2011-07-24T09:35:02.180,1288,1284,1258,0.23850163458331028,True,2684.5412869723564,4723.866367482984,718.2321871480497,5480.650769201733,7.530197171530811,60.39072380326656,0.2564395017274028,-0.5951382624516391,-0.45715525822743325,0.6091455494336752,24.317431402561624,9.402427625609334,5480.5887558579225,559.5482047073299,530.3965177068052,-1502.6222584354498,2772.098105881458,4482.759339265753,0.22575113738609048,-0.31775504411046857,-0.8981210500103017,0.20358471317766905,0.14597657422708737,0.506717007323632,0.5297789438482986,19.922344700008395,20.698694174293728,5.7035767196302,0.0436507001307421,0.04177158577614493,0.1847736429498934,-0.10855286301913782,-0.018853974947443657,0.09763505672921116,-0.02754271565580692,0.2763283154000082,2684.873334849931,4723.53631205169,718.1901522514222,5480.523443089172,0.12730743301549846,0.45177226145738236,0.025572534863366855,0.4700630949805049,47.778565827647014,1.7934035444218352,0.3432605052609006,1.8415266020098988,17.751533411155787,44.825490970742244,0.2386971496447212,-0.1252065840495421,-0.17456738429062096,0.3174905963097007,0.38334154365593315,14.308264721879604,-0.02757989619055934,0.018737372332225277,0.23893425260370826,59.39889335827823
FC21B0003250_11205094004F1C.png,RC3,2011-07-24T09:40:04.480,1261,1257,1231,0.22823886153728434,True,3138.593234724354,4437.849174862533,701.8873200933649,5480.685960898817,7.357824836176796,54.73079069803279,0.22614144965611122,-0.615918913319439,-0.4269832659902197,0.622245311374187,24.59011789285273,9.102042172897995,5480.6232383665765,560.0810921528488,529.8086810493195,-1510.889004556114,2782.833163082641,4473.362561245432,0.22685691454371026,-0.31706638202619053,-0.8978784501431122,0.20449728233189818,0.1490549296450004,0.5151370003310952,0.54039915110505,20.25576495563802,21.13050661873617,5.8252232820401115,0.04502922450932568,0.042937291706305336,0.16822587021928007,-0.1189345430812447,-0.02032674936661515,0.12323965834693558,-0.025065025859989577,0.28814921511043795,3138.4920981404716,4437.891816900798,701.1573727265163,5480.569139234903,0.11677319971374281,-0.10719554888954355,0.7209322052196524,0.7381531754290481,29.881494212287556,2.2696070054273605,0.37798720006037456,2.371826336887665,28.64709722166854,52.62289121662508,0.22865343698966623,-0.2070793962746192,-0.9547140695175631,1.8025945792624443,2.050294624702166,80.24483535864039,-0.17382999304436453,0.038473388276997866,0.2312152168043718,99.42052307579195
FC21B0003251_11205094502F1C.png,RC3,2011-07-24T09:45:02.020,1233,1228,1207,0.2354266810784388,True,3555.33496613768,4114.5540112415965,685.0240613815838,5480.804630484218,7.1799495532165105,49.17011185574619,0.19571399544475013,-0.6348236291396134,-0.3963771290825941,0.6337035295888004,24.726293622669687,9.194738509433051,5480.7411419190985,560.3463192366725,529.9896608274331,-1520.2185649888318,2793.3749980535304,4463.766462579554,0.22802414515939545,-0.3163600993804256,-0.8976270539460389,0.2053946171847948,0.15276079377927032,0.5674913212346994,0.5961861918792518,22.297181835328757,23.365116412255837,5.989228098226316,0.05064227319630356,0.04804182763087211,0.1799859073172916,-0.14828580503387423,-0.022760205417416895,0.16909152386133983,-0.02705436184484011,0.3517428040016302,3555.492555329718,4114.272124811718,684.3852433960101,5480.615438925266,0.1891480794112671,0.30354835077995934,0.6200517190390157,0.7158091445975264,34.98699715143571,2.051188340847034,0.2422628705697889,2.1280125606406997,27.115110171089974,48.845979295785774,0.23586370436239937,-0.040499715962731275,-0.4124352320171859,0.06904920820036303,0.4201319325583679,17.47303868594627,-0.011701544555194232,0.02993321935014137,0.23581067069103773,42.94077881221521
FC21B0003252_11205095002F1C.png,RC3,2011-07-24T09:50:02.035,1263,1259,1234,0.22816321579599017,True,3941.8823145678994,3748.9209226951766,668.1013159503042,5480.803192498282,7.0016791802229665,43.56275684109866,0.16440561616740204,-0.6523858870264553,-0.36467845189767223,0.6437181638751845,24.33997592949777,9.496879359353954,5480.740917955667,559.5909658731329,530.5808036935114,-1529.4930326401743,2803.8715010036694,4454.004861230391,0.22913969521648325,-0.3156562477971248,-0.8973826686638189,0.20630191294445258,0.15028213575050245,0.5553269484357638,0.5809272889585971,21.837466881265232,22.755603926230545,5.881033522563179,0.04946645215866471,0.04726633142447063,0.14804713113389395,-0.1405892794807653,-0.02313864686587961,0.18600082214068991,-0.021622056110009058,0.33440130176691174,3942.3046121014145,3748.3860695890353,667.4668996240816,5480.6638141176845,0.13930106689794053,0.6785988306584994,0.6220819614244641,0.9310677348827505,36.35115685076144,1.9676572701663417,0.40974638126920127,2.074059091938825,36.17343380989087,44.147013760297064,0.2287030452310723,-0.23262061444541865,0.17250856503838297,0.24071562120651552,0.3765840750342542,11.587272439237635,-0.008903186551037834,-0.012109745948123418,0.22896521044363974,37.90499208398567
FC21B0003253_11205095502F1C.png,RC3,2011-07-24T09:55:02.039,1288,1284,1267,0.23643369383776638,True,4291.560345463079,3346.348023298191,650.9601952970619,5480.810566662934,6.821166636841214,37.94535599966712,0.13259326067952387,-0.6683336976666536,-0.33217465574532234,0.6522339257245567,24.69524556318595,9.14155782248585,5480.747307111617,560.285557145785,529.8855915152615,-1538.0676968302016,2815.0381396243024,4444.00635688925,0.2303034643991246,-0.3149556710946116,-0.8971111824783241,0.20725531550106643,0.14723528583121348,0.5301303841232966,0.5537054178019527,20.833953814488424,21.698720457375757,5.772418952575154,0.047144632995250235,0.04507590105661724,0.1120951292563961,-0.12204732987133286,-0.02227824715912291,0.19342453228578255,-0.017923530489903094,0.30378648172556955,4291.572510352507,3346.2552468303224,650.5435194421757,5480.713973492961,0.09657738334640356,0.08064430761093287,0.40809745189847574,0.4270529540585263,35.88104492316149,2.1353417204130665,0.5350720323808673,2.249191619463735,16.3353274288723,49.19709252021156,0.23655805470867206,-0.33346122521603466,0.12559643661086273,-0.11242065717069544,0.37364322256748683,14.413328310564808,0.00806062267758989,0.0023042682978484663,0.23838494809655367,24.932008274299825
FC21B0003261_11205100004F1C.png,RC3,2011-07-24T10:00:04.297,1362,1362,1348,0.23158148007198504,True,4601.760585280974,2909.0923904366537,634.2558028193378,5480.994384575844,6.6451040518459745,32.29982305467697,0.10013929508741867,-0.6827853363082637,-0.2988196928889622,0.6591533184650993,24.650040875166496,9.057482314464892,5480.931470220269,560.1955497392562,529.7205006887292,-1547.5549967687025,2825.233275877995,4434.4593709492765,0.23145494919847998,-0.31421818949789004,-0.8968757830580495,0.20810902345695467,0.13939042464330817,0.48057255759333956,0.5037911340349145,18.864669086620598,19.741718115482783,5.469137468226409,0.04247474975086921,0.040380418003211606,0.07419113965983029,-0.09085125826416682,-0.020031219852151828,0.17873002708105093,-0.013999119949970914,0.25126401358534944,4602.076446522411,2908.3272416017558,633.4867671560123,5480.764586081124,0.22968684701592257,0.8155539850389067,0.7474975348784272,1.1298835846467912,43.081887039122456,2.3555974544304945,0.5092082490035637,2.481000250558572,43.394651565162924,52.1878567711279,0.23267375389373535,0.007984338772068361,0.5145280279215468,0.5678991624777653,0.7663630340285279,31.87499124295167,-0.026424953186733546,-0.02975580476027062,0.23410971129123018,43.281684097723065
FC21B0003262_11205100502F1C.png,RC3,2011-07-24T10:05:02.027,1390,1389,1368,0.24743416813560723,True,4863.97484206847,2450.092271134156,617.4577011018954,5481.100018609071,6.468223097502372,26.735411641641715,0.0677717875625239,-0.6953894203531084,-0.2653367593815832,0.6644072117251798,24.44974896895792,9.143644287451167,5481.037859524499,559.8030103206681,529.88872401133,-1556.7633119939928,2835.608718691074,4424.733731978571,0.2325741330939079,-0.3134855840952822,-0.8966345021728658,0.20900390114367265,0.13746207815232525,0.4743517111992031,0.4945862482400748,18.611409572732153,19.38453075285487,5.3793131002476695,0.04158329870862528,0.0397472876440219,0.059343228255885484,-0.07920734242145723,-0.02117920638491306,0.1872480704926986,-0.01238920432670036,0.24192962704717708,4864.343695272188,2448.9216361025465,616.6802084715678,5480.816658585287,0.28317477393216356,1.211466777437859,0.7503959940661871,1.4529053146498514,52.95347609133564,1.8072451801410807,0.30902978873859865,1.905896687143493,55.87479015933831,41.197934738174816,0.24922751160671663,-0.1872440882467187,0.6595837354929656,0.038758198078736344,0.6867410360743778,28.515191624459252,0.02029403200060642,-0.042129878631158135,0.24921693977124612,25.528140099447356
FC21B0003263_11205101002F1C.png,RC3,2011-07-24T10:10:02.035,1399,1399,1374,0.25462201979544635,True,5082.4501608848905,1962.7699146889042,600.7131627161973,5481.297444925538,6.291868348383827,21.11585116873627,0.03480655057523704,-0.7064552798578081,-0.23099887716592415,0.6680935266459044,24.42763647296988,9.229176926172272,5481.2352433203305,559.7580572623939,530.0554108220864,-1564.9866909225857,2846.651817848494,4414.975851001031,0.23364554386268396,-0.3127838501498778,-0.8963714625103922,0.20998624744375485,0.1380609048658379,0.49556486195299276,0.512588538660846,19.419930487290177,20.1184835432283,5.399625475921953,0.043249863267896746,0.04157104243510601,0.053354209972033814,-0.0777738457643044,-0.023413190009499475,0.21418335175637945,-0.01262805395206058,0.25985479409291085,5082.298801542693,1962.2654767155793,599.7379889692561,5480.869690540453,0.42765902090056584,0.4160636471330072,0.9339860595869728,1.1083010223427796,25.483366216923404,2.1001739312830523,0.44624541378107097,2.2393624958927485,40.11440647625191,45.581400783314784,0.25651851019242883,-0.24574198237230882,-0.7507401114696225,0.8225540454150807,1.1404363175988426,43.80547609083186,-0.05805539241430324,0.060617436511620326,0.25792373211553615,61.85524441198195
FC21B0003264_11205101502F1C.png,RC3,2011-07-24T10:15:02.601,1413,1413,1383,0.2489642053488379,True,5252.270871226196,1456.3608528961763,583.3633778427927,5481.573594250816,6.109135493874353,15.497743364579884,0.0016689911686202357,-0.715785147703805,-0.1961890142635965,0.6701930374730847,24.561024995839603,9.360358431410873,5481.510577288797,560.0164336240916,530.3111277085319,-1574.4481049691635,2857.45073255856,4404.967371609847,0.2348291603835743,-0.3120577486714749,-0.8960953498488996,0.21092261829119674,0.13753795410222572,0.5043447487705494,0.5218874868737725,19.724121356560197,20.520597737848437,5.390143649675026,0.044119845639153395,0.04218789976623407,0.03974652581350648,-0.062407972115938286,-0.023741588335228974,0.23625531193005286,-0.01217511720532374,0.26964502564291726,5251.904861410536,1455.4798317905515,582.7585325693049,5480.924531622288,0.6489846565652826,0.7512711184762629,0.5388968367530157,1.1296013361253339,44.24868728751332,2.061717683803863,0.47049527341380326,2.17497806904371,36.20646024740475,48.41114619601081,0.2525750839449296,-0.2111138399331101,-0.8866850669518141,0.27850219702014994,0.9530702676674455,39.11743090239783,-0.03647115494607078,0.0966896612740129,0.2528977539706338,73.35773224720923
FC21B0003272_11205102003F1C.png,RC3,2011-07-24T10:20:03.949,1464,1464,1437,0.25336467095251597,True,5371.861920892781,934.2147950849132,566.4316339513786,5481.833869831724,5.930893452401005,9.865578553131705,0.031687988146366766,0.7234702761783098,0.16096722815481773,-0.6705789903910431,24.24206111521528,9.316907852569074,5481.772349718218,559.3905959765838,530.2252556112455,-1583.7211682820314,2867.909593565614,4395.159200837208,0.23594470368193554,-0.311311882692221,-0.8958512177439514,0.2118150234656346,0.13368139262220013,0.48850350598585385,0.506709260721307,19.088025652058434,19.9256188090297,5.233734447220175,0.04256306209662436,0.040552864064897505,0.026442241325770454,-0.03622457219834755,-0.022517828450016462,0.23245376744620178,-0.009341287222985717,0.25436465622264326,5371.283833566646,932.9568120882545,565.7308856697841,5480.98073969951,0.8529768819658402,1.1404967933036687,0.615996618476461,1.551694019669649,55.29053941779303,2.1826915444786437,0.4635463737479313,2.2944587925956084,50.77958657439134,50.08355963036779,0.25951934251697906,-0.26562885286913146,-0.3305730649257867,0.12334921514767569,0.4416472207639789,14.389779797772576,0.005553915523478281,0.050228283614615066,0.256725957741987,69.32068518956558
FC21B0003273_11205102502F1C.png,RC3,2011-07-24T10:25:02.035,1471,1467,1440,0.25258129610386276,True,5439.3976585857845,407.682903417337,549.2095781693358,5482.23343161528,5.749529812184467,4.2863050657999535,0.0647773782528454,0.7293078748665371,0.1257900333480717,-0.6693958338939927,24.562985099201683,9.448809304159965,5482.170261719895,560.01448766934,530.4819349704242,-1592.5337563374917,2879.0471227034604,4385.180418055655,0.23709041602110123,-0.31057822330678103,-0.8955676520798227,0.21280949787727596,0.1338662024470241,0.48550553193123047,0.5016110642628088,18.967286983893498,19.72378944338059,5.227305124734719,0.04204839864713262,0.0402883827119506,0.020998930422832126,-0.014233082596683325,-0.02190571443956318,0.23478825403714923,-0.006633717645530421,0.24946225702430103,5438.288864232166,406.84037469446,548.8811238573344,5481.03779857793,1.1955766955157396,0.7574627654499874,0.20978161658737288,1.4307906214962025,53.985827196955505,2.3131494467316998,0.5940365826199923,2.419963278543032,30.763699497382756,52.56844586085892,0.2631781452485045,-0.0299494649572493,-0.23669119861140325,-0.16934088393187124,0.2925679902555229,13.582935313160226,0.03060401476352581,0.037538100647452666,0.254558052651063,52.71734232748223
FC21B0003274_11205103002F1C.png,RC3,2011-07-24T10:30:02.039,1461,1456,1426,0.23632207840489577,True,5454.946568361879,-126.08205058140605,532.3694240635459,5482.313011023687,5.572586606040519,358.6759387502534,0.09799741652293226,0.733493764171482,0.09024953746221508,-0.6665121343713385,24.786521270825347,9.362363050253066,5482.248984254637,560.4507520550657,530.3125836304074,-1601.4023745629377,2889.460895122079,4375.189381174729,0.2382217589238535,-0.3098206356428538,-0.8953094881569952,0.2137346198470024,0.13498861700035134,0.49555539133140514,0.5104728932643091,19.33030152241448,20.103904555886075,5.278164652294764,0.042926576334288286,0.04111926381040124,0.020518086675072426,0.008847486980434617,-0.022153308822725752,0.24528638734884461,-0.005834201570156323,0.25857517333100727,5453.7491975086205,-126.88511506064958,531.9174143691239,5481.096266027354,1.2166717943799235,0.8306973171107692,0.3355204822554533,1.5109342414240352,50.35284539979259,2.0636214895531566,0.5016162839694971,2.1630344263338888,35.13743437963329,48.61403063940433,0.2475361554829999,-0.22733054285679488,0.8168769477318323,-0.3044193451804441,0.9009096853577112,36.904248809429184,0.05669800528085034,-0.061547829760115746,0.23867539391264372,20.50235829188189
FC21B0003275_11205103502F1C.png,RC3,2011-07-24T10:35:02.090,1509,1506,1472,0.25208254408911934,True,5417.867395616203,-659.6198406654853,516.4591829514295,5482.25460356736,5.405600026339893,353.0584603554166,0.13110466830306441,0.7359785284399739,0.05459518782906037,-0.6619414906850781,25.60139068484159,8.957828662877887,5482.187507230682,562.0441668071612,529.5215231415781,-1609.2579629284785,2899.51529678081,4365.571599552674,0.2393097356480261,-0.3090626895153086,-0.8950624162503826,0.21464942438698287,0.13146548517153028,0.4641088680138869,0.47842757926174223,18.098613502608764,18.828237702645033,5.135290121648189,0.039815934943650565,0.0381120661800818,0.02284511170164256,0.027720726205029238,-0.01924160395053814,0.21150126253440435,-0.003008335795504783,0.22722678952272102,5416.875583528734,-659.8112464391075,514.9468578685733,5481.155191634881,1.0992204812369026,0.30992435557063847,1.4153147249694091,1.8186408505424587,36.8052300775371,1.322197390944666,0.41416639818100975,1.5217084072404428,56.727642363759465,37.749450001263185,0.26180782985348433,-0.34991263860840705,0.3195137519087027,1.3560324189573714,1.4364371944432703,54.56416619219537,-0.08566933509234786,-0.04288958807717336,0.25507043872756135,31.457748150652858
FC21B0003283_11205104005F1C.png,RC3,2011-07-24T10:40:05.281,1530,1528,1503,0.2547352660720695,True,5327.4827691420605,-1192.4972167005149,499.80814098663484,5482.146518029279,5.230928744788211,347.382959581468,0.1644280327006695,0.7367930800232024,0.018443967443549498,-0.6555602179487798,24.501716528228485,9.716310471018602,5482.083153723458,559.8954846217915,531.0054713043387,-1617.5080042700793,2909.937808138302,4355.4403054146005,0.2402616421601465,-0.3083502370711684,-0.8948153814841807,0.21563837242936193,0.12868751947747364,0.4551646471569516,0.46561036509107984,17.749589245231064,18.31072422548336,5.019748328529107,0.03833900471683645,0.037032512018845,0.027439585832326464,0.041106802333122826,-0.01778711248892073,0.1977776829908211,-0.0007607742451017222,0.21531107694787846,5326.783496501017,-1192.1934590210249,497.7933871445907,5481.217558044289,0.928615397559694,-0.14369764165281923,1.9384293718346142,2.154178265230774,41.93983892046928,1.9517497456207593,0.675079259389463,2.234542925546817,76.07640718426825,48.908880612625154,0.26291801362402467,-0.47505964737894146,0.674067014136436,0.8973331944851582,1.2187103306526752,46.11928308190486,-0.038272721590715264,-0.075219720540872,0.25906415434909674,35.86410119317951
FC21B0003284_11205104502F1C.png,RC3,2011-07-24T10:45:02.219,1578,1576,1557,0.2563381357519721,True,5188.458033576519,-1703.1441736074146,483.2977832576313,5482.186934935668,5.057638066975654,341.82725067071266,0.19668050948102903,0.7357998136366823,-0.016814078382121934,-0.6477906283751457,24.733442198176874,9.42119344707993,5482.123045639384,560.3481074400509,530.4280777974608,-1625.9349043979316,2920.180255976338,4345.486917348366,0.24135693717288148,-0.30759704513200176,-0.8945594411598214,0.21655090149065423,0.125380685548538,0.44069957577171104,0.45000006153732713,17.185926833523546,17.68415240010242,4.895118815596331,0.03674478809352991,0.035561245530927224,0.03418332696363366,0.05213818473763914,-0.016981748533586482,0.1772306257430403,0.0013225604223138841,0.20102253507091158,5187.88748972206,-1702.6125384990453,480.988455809681,5481.278679002829,0.9077892332873414,-0.32721686402047073,2.238302319168647,2.4374473204907536,55.204490554973745,1.8432153399963909,0.706356378675423,2.162730560981717,88.49381122734569,48.19483653583737,0.2654289287258699,-0.46001397374776226,0.19272861663478869,0.46322794353682223,0.6806888447642723,25.83570097427321,-0.01898947832887643,0.0012492354768482983,0.261285957373076,37.575918634684314
FC21B0003285_11205105002F1C.png,RC3,2011-07-24T10:50:02.043,1566,1561,1537,0.2611462607781896,True,4998.696821418666,-2202.2443477186107,466.47057958831687,5482.193437041519,4.881103109035087,336.223452307037,0.22889015722318404,0.7330981635889764,-0.052212399661126396,-0.638318293479392,24.64420591979365,9.305836315722345,5482.130146728199,560.173606949075,530.2024121824536,-1634.9524583890418,2930.248140535063,4335.322499519446,0.24245499187798988,-0.30677547182384407,-0.8943238920521305,0.21746071577512727,0.12654334657529243,0.44391019019482125,0.45146765076513534,17.300947498144627,17.74840303065619,4.938951742754735,0.036758424274458634,0.035711426795239344,0.04594243033967605,0.06543733815468415,-0.017591076174866587,0.16872827109037553,0.003045780304318862,0.2022218137786156,4998.085776236977,-2202.03110799112,464.0166075368593,5481.342339176873,0.8505764176813221,0.051220638000247676,2.3905485622987075,2.5378782919559324,55.11248960678423,1.7675025350461055,0.8000378846187459,2.1415292585531134,93.52173687873156,43.20812920849683,0.26970502014729436,-0.529400656938839,0.22040110165552668,0.1275502315566579,0.5874612861699068,23.350438682974197,0.012346832725370405,-0.012725960994771413,0.2662820058560424,50.373082314775026
FC21B0003286_11205105502F1C.png,RC3,2011-07-24T10:55:02.047,1577,1573,1550,0.26277009915106614,True,4760.706934469813,-2681.306789031788,449.3521116028037,5482.303706747632,4.701471460599424,330.61108821355145,0.2607242266535359,0.7286336685595592,-0.08748878805641332,-0.6272651485948938,24.89968275797463,9.811485785283566,5482.238381679881,560.672049766853,531.1910970130316,-1643.7270106170884,2940.81073364729,4324.979500119222,0.24356557632816897,-0.30599769739952226,-0.8940415855468369,0.2184739401553761,0.12443781634228712,0.43407710167381997,0.44580439555953955,16.943531666943628,17.48515155874121,4.860741726499426,0.035904985504328024,0.03462646530211854,0.05770539459669414,0.07272738630385024,-0.017423810831208208,0.1479656804028026,0.00611809310577988,0.19697818443429027,4760.120375007125,-2680.9022043899745,447.0297017648759,5481.406586663773,0.896655193718883,-0.06468121691820145,2.256801718077695,2.4292649486961078,46.82119075188321,1.8854307518553242,0.7968803444251762,2.23366488268237,88.2528620341758,43.030906890798136,0.27205556325784364,-0.44208999272551874,-0.24187259501417852,0.42531247703932273,0.6594214259578366,23.59619468259182,-0.011813258539518756,0.0016550251953049155,0.2670439629396932,30.797180972921492
FC21B0003294_11205110004F1C.png,RC3,2011-07-24T11:00:04.039,1563,1562,1527,0.2767543975981711,True,4474.69577951809,-3138.0135809393246,432.0454056884867,5482.398634354599,4.5199326319483,324.9587980884293,0.29218321308620826,0.7224583798488053,-0.12266447670973725,-0.6145211839557569,24.869948950872583,9.459017474648434,5482.334064848728,560.61307733247,530.5013511992665,-1652.359575670479,2951.5973431334637,4314.4496453975125,0.24467571707459387,-0.3052119392520951,-0.8937711347201478,0.21943706239618807,0.1275486260795353,0.4509094605274214,0.46280307956661476,17.631516744782132,18.130809403525255,4.99374995197118,0.03739221751884934,0.03620803950919741,0.07617926851449662,0.08582903603314845,-0.018404118588441824,0.1454656463389591,0.00989849251471562,0.212129769210794,4474.327128217748,-3137.213142294723,429.92600817115044,5481.472970196423,0.9252617483195198,-0.44374564807609773,2.053151757278555,2.2953107940986532,49.8744286892665,1.5971108932740208,0.8015604654543722,1.9565471078358765,82.11469851127056,37.69365156994925,0.28529898923553,-0.40923916403751615,-0.12146655862149153,0.47935004319654617,0.6418779340014767,25.411969499264465,-0.011834972974611446,-0.0018771075040149299,0.2812604188803388,32.63621238188643
FC21B0003295_11205110502F1C.png,RC3,2011-07-24T11:05:02.090,1578,1575,1531,0.25797264017840604,True,4150.167883332751,-3558.774562804058,414.4961892287091,5482.752679046629,4.33569855956129,319.38686667179144,0.3226830321493013,0.7146504105730035,-0.15697912599572808,-0.6004231886198168,24.932631703412653,10.098607406266197,5482.6866882576605,560.7324730710856,531.7510877201952,-1661.6943866399304,2962.2949394971847,4303.9699576590565,0.24580780750923484,-0.3044043663577828,-0.893484536151188,0.22045835699405117,0.12788793311775098,0.4652847701030225,0.4779405600745724,18.21274292746205,18.70392792710961,4.99533725617581,0.03852411229050739,0.03737477134811189,0.09724594836568486,0.09699362880653614,-0.018432959729363808,0.13782669370865008,0.013290378987149949,0.22619977761701382,4149.450261937429,-3557.912792423304,413.042137191846,5481.540360325554,1.2121452133408817,-0.18709241133363297,1.366600304943468,1.836272306079745,24.198304678380765,1.9503178357236948,1.4101300830628816,2.5114111038342033,53.8677626881616,48.00960324663932,0.2703729539315395,-0.3568205440998479,0.2290346474028444,0.09804090880810898,0.4351893728051924,25.23261241512042,0.022065763253863224,-0.017972263162278068,0.2632707808562949,39.44389866744574
FC21B0003296_11205111002F1C.png,RC3,2011-07-24T11:10:02.137,1566,1562,1531,0.26315800207809653,True,3783.5314681569876,-3948.0682405252605,397.46109231478823,5482.730024566454,4.15720573307473,313.7808680971335,0.3525713568380665,0.7052587278634229,-0.19100940437560185,-0.5846528649976058,24.36891528359729,9.628666406992181,5482.667413498066,559.630808490312,530.832028161013,-1670.8866660774306,2972.2405469336873,4293.512827810166,0.24689506519061977,-0.3035848427791459,-0.8932497333599577,0.22132325650876797,0.1289014405168568,0.47466444786639306,0.48644354306435406,18.57727317540474,19.042028503995933,5.024829560776089,0.03925600854110933,0.03815445292876993,0.12209877370378437,0.10330059944626321,-0.01771515228122701,0.12209979514566652,0.01567471038623817,0.2343506711751798,3782.5502985996122,-3947.59360965117,396.04013404480656,5481.608327504711,1.1215192958238682,0.3800687775848848,1.3434406445352058,1.7908351604738229,13.452347215404204,1.671357950160541,1.3114100618321345,2.2448729303251014,54.495606107967795,43.10860966080967,0.2740113844874077,-0.5199412980759721,0.9442809261785726,0.5682355054658115,1.2185635029252995,44.05662519243991,-0.023039502400706624,-0.10749171183886119,0.2668380142779144,41.17194527559041
FC21B0003297_11205111502F1C.png,RC3,2011-07-24T11:15:02.539,1561,1559,1528,0.2702943494455473,True,3379.8203693520236,-4300.412063757804,380.1537092728297,5482.81373838966,3.9758222484638073,308.16484717612434,0.3818062723807277,0.6941611436551901,-0.22453769488847783,-0.5674038249643906,24.56934470641545,9.644538175107328,5482.7502058782975,560.0218401869785,530.862786986624,-1679.9673897469156,2982.5689127565365,4282.900738975821,0.24802878545214682,-0.3027478264079346,-0.8929793765989118,0.2222910438173859,0.12854823666920664,0.47442657360242885,0.484924200924373,18.569081159074106,18.976959283139493,5.014092046473199,0.03903956113839693,0.03805642752593408,0.14630168798855828,0.10033262651512329,-0.014544976160527356,0.09729726448808812,0.01638615200609306,0.23315775105639852,3378.673480275901,-4299.9664966256805,379.0150688284102,5481.678463830399,1.1351357752763922,0.6265193891716776,1.0626979394473723,1.6764207955719468,15.70722893729393,1.9660940976212942,1.0826699738977368,2.349603286643067,48.18514868174704,45.24027340797272,0.28062254031777784,-0.37209598063200877,2.3917787492042963,0.45541668652609024,2.463019561902456,95.8687743066209,0.044019706853191565,-0.19730447613665092,0.2765060470507443,83.71398725068272
FC21B0003305_11205203632F1C.png,RC3B,2011-07-24T20:36:32.986,1606,1602,1573,0.3069189822999382,True,4161.09695869118,3255.2102633113773,-1516.8615351785907,5496.543520695625,-16.019615813407196,38.03593636290138,0.010428268386081721,-0.47683896116519775,-0.3636876523800798,0.8001544524900361,24.207097574301997,12.949532670115104,5496.474961366761,559.1956853275186,537.2634623969076,-2540.747556179557,3936.553514140339,2874.0457478923367,0.32058242708676987,-0.11965287749415394,-0.8631619803428999,0.37129704017275494,0.12426362550438892,0.4059455281643941,0.4055540164914866,15.862735996083973,15.755081469680745,4.86801147025274,0.0310949662247261,0.031260687071972826,0.07657736669949677,-0.06844644127148139,0.026343520558635064,0.1116870895454797,0.021876162766240933,0.15644282450756442,4162.162684225917,3255.8353905879217,-1515.3583775864734,5497.3060050436525,-0.7627758231047709,0.1642491577964288,-1.78247946183397,1.9457743378947923,112.55994635071505,1.6583682292877029,1.5503801876518537,2.163338734877737,69.84225850310358,46.705397905639046,0.31339752502065527,-0.399499529808199,0.30778263340472023,0.9585461133549719,1.0831161872903752,39.76677421397974,-0.02627049850639196,-0.09240125544488365,0.31025478416954366,150.58577747302155
FC21B0003306_11205204132F1C.png,RC3B,2011-07-24T20:41:32.986,1643,1640,1614,0.2971191480587608,True,4455.540685870476,2830.5790187964053,-1533.3175603962336,5496.824822214824,-16.197311633780235,32.42755710413113,0.03182317038036205,0.4917623361346938,0.34108348251716697,-0.8005118041229948,23.84334475552214,13.263724844017474,5496.757107116082,558.484101032399,537.8750954915773,-2547.424333811024,3943.040312408293,2859.745702741346,0.32015010692992396,-0.1162034070252963,-0.8628747050753369,0.3734272627562458,0.121773315810293,0.39012496077182235,0.39217348229030224,15.278866715406082,15.199745134074929,4.757878236103271,0.030066592506570154,0.030176765576265346,0.06173726591168911,-0.05896503169043001,0.027514340797441635,0.11378682852957549,0.019307202987533356,0.14530217123108663,4456.732953791764,2830.8837984513384,-1531.7507395700043,5497.5114397262505,-0.6869356442187573,0.3819931405625651,-1.8307161431973529,1.992315470927855,110.57962153150149,1.5511442958663793,1.4287619836450176,1.9997220095091626,72.95593980539495,40.98948319581364,0.30310689981915867,-0.21358220962047972,-0.473420868929458,0.9855876443572296,1.1140591026125688,43.31347728774885,-0.09435794656531016,-0.03820071173242923,0.29964781295728177,152.08304506502577
FC21B0003307_11205204633F1C.png,RC3B,2011-07-24T20:46:33.190,1639,1638,1600,0.2829475304114493,True,4707.072152632176,2378.9178411628477,-1549.9754155519818,5497.108524843197,-16.377334719946035,26.811680763582974,0.07413680216434786,0.5055846057782474,0.31786177773895957,-0.7986562659977863,23.929319628380654,13.400105188265343,5497.040108890127,558.6493149461132,538.1398039812555,-2553.879893161825,3949.7742946888184,2845.2034454890827,0.31972289481650096,-0.11271865347626324,-0.8625554789776286,0.3755926268902641,0.12292759562945468,0.38992993614444094,0.39142077801767355,15.2506010966092,15.19336523132724,4.782938540838052,0.030155008097709466,0.03022779759791959,0.051974504732330874,-0.05310796351922911,0.029544479659127924,0.12392487802186808,0.016659123992969486,0.14446739157860847,4708.237403398773,2379.2165541026825,-1548.1394612203187,5497.718313033781,-0.6101925333661297,0.25894028303043964,-2.0924583817795988,2.1949412469201444,121.11718041994344,1.5044328992395322,1.4961545947145396,1.9941946346638506,82.28877707900308,44.82061629299059,0.2892891709641955,-0.23216755992977386,-0.7385093712664612,0.5257170978775695,0.9357757927692631,35.66933059570321,-0.078692951546941,0.029671576277451095,0.28463030434355485,145.52100298579745
FC21B0003308_11205205132F1C.png,RC3B,2011-07-24T20:51:32.990,1631,1629,1597,0.27534099603269113,True,4912.650403795767,1906.0366622598465,-1566.6716462433478,5497.4148283476125,-16.557852818238977,21.205526367859104,0.11636530694996251,0.5182754985141982,0.2941886514174586,-0.7945455684575159,23.72784687973308,13.469333389330927,5497.347120318738,558.2539657823286,538.2733798997231,-2560.499015509835,3956.3903006806713,2830.6166068878497,0.3192366351865429,-0.10914821981978597,-0.862241758333348,0.37777478350355986,0.12403262418372879,0.38884447017855117,0.3897003752709465,15.16082410756288,15.181658877871955,4.828521598015064,0.030382406606498776,0.030288518553434108,0.04327612180303848,-0.04491934754608648,0.03189542506017159,0.13258999281795453,0.013223695295316092,0.1425843817156638,4913.872391997381,1906.1525586868995,-1564.491511340132,5497.926259134258,-0.5119762753992818,0.33388704698150307,-2.4261234668074723,2.501934320262556,131.11970892299686,1.2677957964267534,1.5898710150512443,1.889921459548281,95.55557778459246,43.19111059723439,0.2821912522914156,-0.42797093221135046,-0.3372099109897164,0.3917613639155485,0.6710786907245049,20.951847315796435,-0.06246575476495764,-0.007701315924464325,0.278564282567509,148.19245002726845
FC21B0003324_11205205635F1C.png,RC3B,2011-07-24T20:56:35.065,1630,1630,1600,0.27629034804423835,True,5072.06614967085,1412.499658504414,-1583.1367011550517,5497.938898028612,-16.735321783883286,15.561778078618687,0.15871713206916027,0.5299199802190708,0.269912107730056,-0.788125079319951,23.726112447672676,13.660646049160391,5497.870731910102,558.2461813397496,538.6440188060255,-2567.4661374424086,3962.748198049955,2816.394233482673,0.31872052359974173,-0.10546771399796924,-0.8619297339764563,0.37996173863643623,0.12425208355519601,0.3866774879547799,0.3876799902537721,15.030411357243208,15.14858134789362,4.8381046424222065,0.030415576148113004,0.030108302043406625,0.036541213950945305,-0.035826503773313784,0.03392226421513838,0.1383270873197958,0.00963762754676262,0.14038553353125002,5073.12898113981,1411.898978291851,-1580.9530688457437,5498.136865345841,-0.19853291668687023,0.8636522883519335,-2.339522796906807,2.5017349003102574,136.77948494321913,1.6115211696466076,1.6794890754439393,2.1887599480676294,97.30045830941121,49.40331059017546,0.28123651457085963,-0.05503802184471107,-0.030560758282548797,0.35641111968523315,0.3619282111561143,14.559434217926974,-0.03675216312728935,-0.008019005050073247,0.27696093384033843,150.10601697574378
FC21B0003325_11205210132F1C.png,RC3B,2011-07-24T21:01:32.986,1614,1613,1572,0.26159497833318374,True,5180.882498416207,912.428304575054,-1599.2432410714187,5498.331366650948,-16.90943450966254,9.988189995564824,0.20022231304422697,0.5402877685243173,0.24554422679692176,-0.7795564028528887,23.94706537976117,13.675537667290769,5498.262210483136,558.6735354974438,538.671166414196,-2573.668003384829,3969.255009421501,2802.301821009499,0.31814430805171395,-0.1017919006492438,-0.8616100493687149,0.38216584232941514,0.12508454628419435,0.39137799726592165,0.3939016096415356,15.20102627459114,15.404079968266833,4.872299422663973,0.03099495166972786,0.03052707714682356,0.03246140779839054,-0.027608950576511426,0.03680994065153486,0.14719620916831827,0.006499293890701911,0.14432374157449035,5181.63781950243,911.8502880560945,-1597.1736518021823,5498.345670684683,-0.014775776372163874,0.7001769587901472,-2.1673363111506943,2.277677058500682,128.3435557199169,1.4036372561311055,1.7669631294926376,2.1373960116337996,88.82573874820201,52.50660496249044,0.26561330086003454,-0.12488869821678422,-0.3423589840833713,1.0956291602501849,1.1546471832189287,46.73722417403509,-0.09977333612744133,-0.03032087449219034,0.2640407126244292,170.27048965150178
FC21B0003326_11205210633F1C.png,RC3B,2011-07-24T21:06:33.088,1634,1631,1602,0.25542955868132744,True,5240.609552929054,401.35677501118187,-1615.6722570305637,5498.679167694445,-17.087341699908908,4.379499423481433,0.24164826056717362,0.5496020951643961,0.2206782809070044,-0.7686642644820264,23.333386899633524,13.74219987079232,5498.612488095101,557.4745532616375,538.7994646776696,-2580.377820773843,3975.5291274727115,2787.882897094384,0.31748265382962854,-0.09799799678714842,-0.8612980412824885,0.38440452810281917,0.12333439368232975,0.39348562057038955,0.39544066768434055,15.249593424718944,15.49393900188959,4.8168443460111074,0.031101907306584638,0.03053677412012441,0.027569587087916493,-0.015552819979765466,0.037428734891499504,0.15319511892963972,0.002220528052604302,0.14565092190173332,5241.228497410563,400.34322676419515,-1613.497723340333,5498.556698308111,0.12191251562429495,1.0577441930497142,-2.2372491257596328,2.4776943092537618,129.7713905997249,1.2651650118358475,1.7803987467744946,2.070652942043143,96.5284364837266,48.0609689639297,0.26033898184913157,-0.17000639244224588,0.08417257511665854,0.9313161939062311,0.950440449952013,36.982936808226846,-0.05803438390739757,-0.07198406218196851,0.257444763796725,165.1802805680806
FC21B0003327_11205211133F1C.png,RC3B,2011-07-24T21:11:33.713,1615,1611,1587,0.24748005252919208,True,5249.977163906578,-113.98464838740554,-1631.788487367489,5498.907745099352,-17.262369599954614,358.7562206114029,0.2826015310402976,0.5577970512780527,0.19548600233404567,-0.7555025129876419,22.98173195742902,13.357769124497395,5498.843496510321,556.78732209237,538.0486651576799,-2586.5539364575975,3981.829833845034,2773.5818533461343,0.31675757201916743,-0.09413279369393987,-0.8609922575791007,0.38664711315195355,0.12448204423358053,0.39895842084512023,0.40026889672845045,15.43726924753067,15.709284354140673,4.856551328336829,0.0315767849553696,0.030933288195461463,0.025619926952436905,-0.002723521266427967,0.03743382893109997,0.15934903757227759,-0.001886160641785557,0.14990982606329956,5250.418448228419,-114.96833968915874,-1629.8356358154044,5498.770389860082,0.13690448911961517,0.9737950764193845,-2.002246219706004,2.2306971139817975,119.94674280727202,1.2369638381820778,1.7397171721636369,2.032812429973673,86.82271315893627,46.79904572883566,0.25148281417878493,-0.287323350107718,0.2331782256878923,0.07414267004760836,0.37739094845248267,10.027704192975504,0.0038627461005944497,-0.013948586489846093,0.24830427437682306,121.80205283314183
FC21B0003328_11205211144F1C.png,RC3B,2011-07-24T21:11:44.822,1635,1630,1603,0.2500680367580395,True,5249.4517924382435,-133.07680629601853,-1632.1802328585566,5498.951342759931,-17.266502771490437,358.5478280537114,0.28408950485162876,0.5580759707812156,0.19455373021789144,-0.7549789468111436,23.262558955956365,13.347522047769075,5498.885938719517,557.3342578313841,538.0284837496444,-2586.6772016273767,3982.0344170319067,2773.2596031016965,0.31674110821566553,-0.09399092261176024,-0.8609807924910609,0.38672063792144146,0.1239066156843991,0.39727124268385067,0.39822391164379134,15.378402817912482,15.62140668794908,4.83390145948902,0.0313619344242307,0.03079207452209872,0.025193661516019,-0.0028138296844523493,0.03686449754676436,0.15805234048878733,-0.0015359209307626797,0.14851357147400826,5249.787339509256,-134.00171307673477,-1630.4392385629822,5498.777653244856,0.17332862237034252,0.9160435164737459,-1.7691599678084344,1.9997763692729065,120.6165166276129,1.7634731881006473,1.7361512729900141,2.370062113138513,77.70031063446916,54.157006699380474,0.2534079711069892,-0.17061187020140953,-0.35098033376887877,0.25521411401234334,0.466293736755322,17.579942914441467,-0.05359209791970443,0.014968875085401123,0.2516232944990257,133.72373594761427
FC21B0003344_11205211635F1C.png,RC3B,2011-07-24T21:16:35.310,1607,1604,1574,0.24019589973648692,True,5208.669041426317,-629.2494164246569,-1647.740831793656,5499.203384122447,-17.43554001644868,353.11158744115534,0.323088537415449,0.5647815776456923,0.16991915724741175,-0.7401101583839517,23.45203080495321,13.96174632017744,5499.1356531581005,557.7014339830015,539.2250266354201,-2592.44137762235,3988.243097221354,2759.4206930081386,0.3160031924241205,-0.09018670196872265,-0.8606248386179222,0.38901571731697954,0.12594716424134994,0.408125366141149,0.40896002652008007,15.800779734767458,16.04108053560912,4.904681995232039,0.03219473578923015,0.03163555903376865,0.026290239188948357,0.010481442765403174,0.037700136484743095,0.16608110092256723,-0.005099433357334969,0.1573059658480737,5208.846129327851,-629.8739266755811,-1646.2106052521208,5498.98431706838,0.2188201924715915,0.598734456805593,-1.535122542469636,1.6622173283894113,105.49185251575638,1.3399287199134733,1.9236698773536318,2.266306011507873,64.25482425306946,52.97879684028964,0.24251158623725277,-0.20513462432751015,-0.30887721971290794,0.03539090056974012,0.37247532374467696,13.624790670217482,-0.030175983563481168,0.03920813166268999,0.2424404003873414,107.51443035126451
FC21B0003345_11205212132F1C.png,RC3B,2011-07-24T21:21:32.979,1635,1631,1602,0.2502277743424453,True,5118.091998430892,-1131.4628203194218,-1663.561948017116,5499.319246330223,-17.6080163659814,347.5340519747714,0.36228965471862046,0.5705879177091316,0.144443890473882,-0.7227112817391111,23.066064845319033,14.172510138863572,5499.252610097749,556.9483351593732,539.635420524218,-2597.719477312782,3994.804942645256,2745.1592231535205,0.3151327580614584,-0.0862904258223544,-0.8602740421511895,0.39137434715222286,0.12566365689146503,0.40979096999566855,0.4100888970544078,15.91265720868488,16.03687475905605,4.891121051992813,0.03209734059610163,0.031815832932248926,0.028864220950672308,0.023945012067339486,0.03662969171905258,0.16413795656458882,-0.007251312932872933,0.15889071972536642,5118.417914480305,-1131.1658167428466,-1662.356692170959,5499.197016314836,0.12208161791398214,-0.36033611395459286,-1.2256949106554653,1.2833838281897985,99.52519963938866,0.9705952592389622,2.049051161297143,2.1960456580290857,49.788080692866906,58.18532121927057,0.2513612999946991,-0.10462263017153944,-0.8086117313588612,-0.05550105115557434,0.8172387616324617,35.31325168566114,-0.05879953254770953,0.06319733388602344,0.2535672097986412,87.41917930866013
FC21B0003346_11205212632F1C.png,RC3B,2011-07-24T21:26:32.994,1646,1646,1620,0.25575629590719723,True,4978.211665853954,-1625.063468412642,-1679.4604770507747,5499.455442167829,-17.78142942031614,341.9214953053361,0.400866206862289,0.5752257045069228,0.11879945375106282,-0.7030706670447885,23.49046495759012,13.705028291540884,5499.388196030988,557.7742276955953,538.72320530625,-2603.6762937077538,4000.9091259888305,2730.8617840441675,0.31429796334654464,-0.08216109685436623,-0.8599217149311175,0.39370164920892514,0.12340762708746333,0.40988388085180555,0.411617130648298,16.03181896273005,15.974793873623423,4.804425097470328,0.03180404753375398,0.031929735975722746,0.03610900488627402,0.03841965418824433,0.03729723151810155,0.1569765482244716,-0.009826950614217617,0.15957734733788803,4978.58484117124,-1624.6510480851052,-1678.6148781367044,5499.413237599626,0.04211159404346615,-0.5078417504664732,-0.8744776941718081,1.0121204807105604,90.00405422496425,1.1974412033060844,1.97873126226375,2.2606026502188414,39.387759248851836,56.97873802592641,0.2564846998825592,-0.1865492907821855,-0.6875791216953502,0.5008821388332514,0.8708895472359616,33.772346412869204,-0.09029449214085616,0.02229708118409235,0.2584594142517632,101.41236849261328
FC21B0003347_11205213133F1C.png,RC3B,2011-07-24T21:31:33.002,1710,1708,1673,0.2500142649728112,True,4790.787473853919,-2101.633270112872,-1695.6207257525027,5499.4214847820485,-17.95844317869179,336.3137930995596,0.43852444759808246,0.5786627000325447,0.09301165250816057,-0.6813182963546057,23.192295106116717,14.604343169165304,5499.353189047847,557.1934958894739,540.4769476661893,-2609.995367618604,4006.731646261124,2716.1852593557446,0.31337760055869607,-0.07797775328781936,-0.8595166384694413,0.39616296855517674,0.12019606400646017,0.3986473927954639,0.40074022821673005,15.578263630272545,15.553414654369226,4.672128767198562,0.030667657767928822,0.030709776627643383,0.04234221629403871,0.046236737937487796,0.03482662332735342,0.14078769711878983,-0.013118864058863158,0.15082965468363435,4791.304956823434,-2101.613684287238,-1694.8569199046894,5499.629373531729,-0.2079622413482572,-0.22580284101293063,-0.8702507596208936,0.9228063726789297,86.12864469386719,0.990990763366085,2.161009142586636,2.3315849841269127,35.02519224791349,56.2007453412572,0.25109657883218406,-0.19858309560710635,0.5009031281941002,-0.7883017032507506,0.9548605997964157,38.13020119793358,0.054290959238983305,0.02368201681122173,0.25227788419450076,78.38332549148481
FC21B0003355_11205213635F1C.png,RC3B,2011-07-24T21:36:35.170,1707,1705,1671,0.2535413540147364,True,4556.326168971347,-2560.3030079849236,-1711.8386119036063,5499.604629785111,-18.135527594051222,330.66738019352204,0.47522412249759555,0.5809982070556938,0.06714451905033104,-0.6573391288794236,23.336513332024197,13.956960254498654,5499.53740730616,557.4729990514013,539.2137048054077,-2616.521559544226,4012.5867937807034,2701.59457261277,0.3124458466004179,-0.07362419216983318,-0.8591422988118689,0.3985368008876281,0.12015679017969258,0.4011990560958376,0.40241143073545704,15.697603967352201,15.593615769014946,4.682282280019484,0.030644669654539075,0.030881414312967717,0.05283855239822169,0.05520688806403803,0.03500578743722266,0.13305700771023163,-0.016214347297294616,0.1514377363165819,4556.630483192193,-2560.7141985629432,-1711.2002704265274,5499.849537267906,-0.24496286476487084,0.20937624344263603,-0.7518772914436889,0.8180248638156791,74.09349689718603,0.8052767093900002,2.1729308986340357,2.295245960265987,30.447311272719798,52.26669776349828,0.25451078851289877,-0.1402339207736459,0.5287936219438821,0.8329830346670598,0.9965686043555771,40.70228715428644,-0.027503107626898782,-0.08206110111916587,0.25566377519193595,113.08147008041131
FC21B0003356_11205214135F1C.png,RC3B,2011-07-24T21:41:35.283,1749,1743,1702,0.25774493646002805,True,4280.2491067173,-2990.36121255587,-1728.1572126503686,5499.938176811476,-18.31336625213589,325.0602382876817,0.51053432611016,0.5821117218497347,0.04140368667947066,-0.6314953522217956,23.081468140895367,14.777303266079116,5499.869891723345,556.9733081264301,540.811494760632,-2623.17703278888,4018.498922856919,2686.992484246105,0.3114282109184158,-0.06925107362858966,-0.8587059356893486,0.4010497154435125,0.11736527699911758,0.4001529887414151,0.40130145631170294,15.716429990594142,15.478826095739201,4.581966345040406,0.030179620200375824,0.030694402120884923,0.06654209399798311,0.062163274402257884,0.03486238694557775,0.11893927948011367,-0.01986286817590145,0.14945850800356345,4280.150589457904,-2991.1698732262103,-1727.4149160285872,5500.068051492726,-0.1299835685003273,0.7192729459665601,-0.8248592037324852,1.102107982396318,79.07405257570362,0.9245317316706405,2.3684190751350798,2.529364402480597,42.656089709086146,54.99180567844654,0.25871304998679306,-0.14037550196176768,1.3559207392807693,1.2077166893924247,1.8212100193551881,73.83801985347675,-0.019844789572061927,-0.14833327553060371,0.26386228935024997,138.6351021525117
FC21B0003357_11205214636F1C.png,RC3B,2011-07-24T21:46:36.033,1693,1691,1650,0.24666054225386386,True,3962.3904038950695,-3392.238228185709,-1744.6394876235295,5500.144075514708,-18.49360874292931,319.4328692305651,0.5445445387418731,0.5821371780521742,0.015706375997332947,-0.6036065448691573,22.686268825342495,14.390629562890126,5500.078462568251,556.2015938425312,540.0565230128971,-2629.2071054619996,4024.8008394445555,2672.0466034135848,0.31031131915720345,-0.06478731642061936,-0.8582845812607562,0.4035555307562751,0.11924015676231614,0.4079621002732403,0.4088711510601692,16.0121855914742,15.778490803170948,4.655946722338734,0.03071136737475935,0.031232803023640107,0.08235374037457223,0.06832713286532537,0.03480089278482024,0.1110657751422697,-0.02474941298556719,0.1544073928964808,3962.452607908036,-3392.9096946696936,-1743.649409516777,5500.28909507573,-0.14514809613537727,0.46957859785448813,-1.0924372780345935,1.1979111969650935,84.09392794932849,0.7602386310098836,2.328565090788743,2.412852822462669,46.33390716873665,49.360140145901774,0.2478847179691791,-0.0933527954610488,1.096719842781965,0.8605383854656422,1.3971526297552121,60.54708278926705,-0.0052483216801419985,-0.13752097161273014,0.2551192571382342,132.6287784830083
FC21B0003358_11205215132F1C.png,RC3B,2011-07-24T21:51:32.998,1709,1704,1668,0.25049210439653813,True,3611.7978556466637,-3756.1655434815307,-1760.6621176538686,5500.344937604654,-18.6689912934008,313.87749158833185,0.5766855320982455,0.5810311018440839,-0.009532439297371494,-0.5742349591930604,22.69000631675658,14.366041103264706,5500.279375914417,556.2072608979787,540.0075612129287,-2635.1390088981257,4030.832388160092,2657.4851071974344,0.3091775434378331,-0.06030512275923207,-0.8578370066936029,0.4060642913994039,0.11893046544277344,0.4151807354970203,0.4167336834841757,16.327929495510418,16.050107033910365,4.639006761534372,0.03123950239623466,0.031846722502793225,0.10016437712914085,0.07248316170280857,0.033724640743208426,0.09971297221340956,-0.029251273066533082,0.16030911234602022,3611.9128813749967,-3756.7610839229574,-1759.6627647175394,5500.507390219015,-0.16257444082886918,0.32983475998927225,-1.1096775248669961,1.1690190874844357,91.35608082500137,0.9140377539256406,2.4711260710591887,2.588997645642635,45.091970504491755,56.02429712395383,0.25167744870749514,-0.0004868787646879619,0.9809343273382942,-0.1443671628335,0.9915010183081799,44.50965719529732,0.06362054768965208,-0.06784054813567764,0.2548888945974328,105.81056258099387
FC21B0003366_11205215634F1C.png,RC3B,2011-07-24T21:56:34.986,1617,1616,1576,0.25725033969201266,True,3221.498063471495,-4089.1053828199024,-1776.8908800108932,5500.561226295294,-18.84675652029508,308.2319116823544,0.6078423986731594,0.578792355850122,-0.03497094694086785,-0.5424979816135587,22.43157928606115,14.679622025927074,5500.495899205007,555.7020427693172,540.6177812347712,-2641.411248266029,4036.719280618214,2642.7292466770123,0.3079279350272612,-0.055603363606704106,-0.8573657373603312,0.4086718062040044,0.12263868262070131,0.435032615113212,0.4372199765812428,17.104998318494783,16.846974055773252,4.7949439474182265,0.03290630989737593,0.0334391939990178,0.12664131555942681,0.07757346265658079,0.03397204853395737,0.09320115128302775,-0.0371191600037082,0.17561246376642906,3221.3966312650196,-4089.8310258658903,-1775.9302085777872,5500.731058850269,-0.1699626188539508,0.5286860244376205,-1.073004995721631,1.2081953174412352,85.35122546584675,0.8000298913233337,2.500800281727379,2.5886520149859167,46.596659811111635,50.06758125503646,0.2584535971072576,-0.14199704170895272,0.4706572055890864,0.3160104379456958,0.5844176262893275,45.21035511369994,-0.010703305408242159,-0.07225366292527724,0.26908104152128803,110.2648012854827
FC21B0003367_11205220132F1C.png,RC3B,2011-07-24T22:01:32.986,1639,1635,1592,0.25754346632041314,True,2805.824383079673,-4378.557130338543,-1792.7049881129606,5500.745784593942,-19.02024164193122,302.65216592452714,0.6369436180558816,0.5754707256270809,-0.0598503230234224,-0.5094646309589275,23.018171719679685,14.92647172817692,5500.677372009785,556.8433941487951,541.0980585089679,-2646.8567833049583,4042.8617770893197,2628.2355310646603,0.30664555462027554,-0.05089066159365241,-0.8568606214203044,0.4113010088164067,0.12033731202655798,0.4102148340664925,0.41625573808822175,16.1879556296444,15.965231540565062,4.697293302344667,0.030864167058030426,0.03133832335039528,0.12664734067189826,0.06378072197200367,0.02716922836914213,0.07058960229520277,-0.037075593522309505,0.15878917527824646,2806.137554388384,-4378.919260740208,-1791.9664623085464,5500.953159977733,-0.2074418841309884,-0.06828900388303924,-0.8526074928431634,0.8801335467958582,81.28707516250726,0.7797155595327467,2.503894762130585,2.579338802178434,33.300101600269976,49.864131827422,0.2585521836237404,-0.3810553448395121,-0.8545670780237287,0.13269705651729005,0.9450378698661371,44.00109093438028,-0.07120017922841271,0.009325462973947651,0.2670365861149919,90.16619338809663
FC21B0003368_11205220633F1C.png,RC3B,2011-07-24T22:06:33.010,1655,1651,1618,0.26473525882217624,True,2362.5538854994334,-4627.161593324397,-1807.9254897446322,5500.988988272309,-19.187137223288758,297.04812159190556,0.6643828178662523,0.5711879593190856,-0.08458549295105387,-0.4745367012520995,22.533401185559796,14.910405817590572,5500.922629407054,555.897013562895,541.065439152452,-2653.1027515086234,4048.0754268908768,2614.3853918718296,0.30524413393013744,-0.04604464922293353,-0.8564110996821129,0.4138428896579607,0.11871771671239634,0.3979832067345593,0.4059270298652142,15.722034969438631,15.542802322998668,4.624870075888189,0.02983662607983039,0.030219171879111953,0.13115027688124534,0.053026023865539326,0.021605332686159863,0.05517416426284445,-0.03803021349160361,0.15093684153523246,2362.114848383146,-4627.543350996728,-1808.0959231920851,5501.177591186272,-0.1886330865037767,0.5646021162975439,0.11481323451894303,0.606250830821953,41.312433347052426,0.6053544657250995,2.6595874750628354,2.771084490974746,22.419613972913197,53.28210955530702,0.26515912326695895,-0.2248918927131472,-0.1638963639299278,1.2415695476101274,1.2723731068638513,56.905533236486264,-0.10992980997002633,-0.09970788339455794,0.2771619922620801,95.6253297433003
FC21B0003369_11205221133F1C.png,RC3B,2011-07-24T22:11:33.099,1665,1662,1620,0.26567465338156904,True,1896.9293552865581,-4830.985526545111,-1824.0763516625602,5501.274095455598,-19.36430447381577,291.43789472725814,0.6900391222916553,0.5657742958758263,-0.10901158055341212,-0.4380204688578167,21.973682528628842,15.041825032756606,5501.209646442008,554.8043942284609,541.3200861174668,-2659.2992427717613,4053.8930846388826,2599.6336413120575,0.3037773155530933,-0.04109755355536403,-0.8558865828510589,0.41651949647364345,0.1193052163104231,0.39175823350035444,0.39911666954295977,15.411971213911245,15.344017101902745,4.637649109345594,0.02947654484724025,0.029607334837565398,0.13636805147853825,0.04325429549869245,0.01575605292948255,0.04411016352406473,-0.03830585532851417,0.14652414905865618,1896.2684067863936,-4831.341616755164,-1824.2103901621067,5501.403387858592,-0.12934374470711793,0.7453556899650452,0.0966155684566726,0.762639808118049,37.18320472673547,0.3192595278042063,2.6072951385016268,2.678328977657554,29.261046024690327,51.27310870597189,0.26615771773369223,0.008952214836108252,-0.5243452774126167,0.20959387158995701,0.5647545512020715,34.86892830668351,-0.07890943417464769,-0.014445936084598543,0.27532507150870683,55.50135837548305
FC21B0003377_11205221635F1C.png,RC3B,2011-07-24T22:16:35.592,1638,1633,1588,0.2557266387662357,True,1410.027448684892,-4989.0442193451845,-1840.415336406054,5501.442378059143,-19.544156939557563,285.78160590107495,0.713924097590489,0.5592472462135037,-0.13321099441502565,-0.39976209356213166,22.120648417542043,15.063387856898999,5501.377283041486,555.0893703705481,541.3612237635424,-2665.418306644454,4059.7324456198935,2584.566880483221,0.3022857272516818,-0.03599522531177159,-0.8553091792817574,0.41925396920129826,0.12077974886707268,0.39474035461975404,0.4017504898029793,15.55914300955503,15.416573328913577,4.7029641525366115,0.029664950522534674,0.029971661660395513,0.14724503724349233,0.03202268640878827,0.012245650499153923,0.03656250166494916,-0.04076011982571577,0.1480036124502146,1409.2871089145217,-4989.453875136986,-1840.4374413334085,5501.6315855329685,-0.18926932911287364,0.8238168983635973,-0.04372996901473172,0.8464097537022387,46.381636203181976,0.47596112756048115,2.6714017613592205,2.7546447379118413,32.1091379230864,53.18655998869309,0.256539261521067,-0.013080325067092995,-0.10918520701880848,-0.11321267786389841,0.15782780098802532,20.811778946551897,-0.0159514839658641,-0.009792016406777293,0.2597182690062519,44.02602850039552
FC21B0003378_11205222133F1C.png,RC3B,2011-07-24T22:21:33.080,1564,1560,1516,0.2629802597290326,True,918.3439499699965,-5096.901369282425,-1856.2307386022367,5501.577204181665,-19.718531361974275,280.2137916253011,0.7353935715228082,0.5518398494008417,-0.15660762353075916,-0.36075355553096466,22.50847401320675,15.106962167360962,5501.5104182272535,555.8437697144577,541.4454486808913,-2670.941992664608,4065.598533321533,2569.88894142256,0.30072138400200193,-0.03088737067250649,-0.8547153104108068,0.42198857530295397,0.12572966401209154,0.4114680091437175,0.41688980387685737,16.209123234193182,16.020022486337382,4.904981180705724,0.0311719937278365,0.03157686030261743,0.16530531348569916,0.023257391305172088,0.009642414296886826,0.03437742755655208,-0.04502982322936594,0.1592282384955211,917.9557948395428,-5097.219859511585,-1856.379246835947,5501.8575995350875,-0.2804131231995322,0.43845851690432674,0.05725151648240992,0.5235982494699476,43.923687084095555,0.13352044503653815,2.7899595467928293,2.828802966309208,17.234238362862673,54.674517368293586,0.26369673110361,0.141157349319811,-0.15982808882700691,-0.5384059936693275,0.5790953542070121,27.493154550128125,0.007988321510310925,0.02529005007318119,0.26548694057617545,23.751180337703904
FC21B0003379_11205222633F1C.png,RC3B,2011-07-24T22:26:33.017,1513,1510,1467,0.26431339895855877,True,415.3969015306074,-5156.5370072539245,-1872.4574532730537,5501.6838701708675,-19.897749151700413,274.6056499703356,0.7549162117298255,0.5434343530246734,-0.17972981823862696,-0.3201215545008714,21.99665590351401,15.05153480285594,5501.619307597306,554.845955698608,541.3368283434364,-2676.9809982912625,4071.2785266533615,2554.797311039967,0.29902907704168724,-0.025613768272413538,-0.8541039841223106,0.42477279840507626,0.12867579552837155,0.42082916686618904,0.42612128611611466,16.630991167442378,16.324985128544043,5.015142828759493,0.031885292702879556,0.03253531046557822,0.17603522955452452,0.012380118132278874,0.007446673614026032,0.03337844337489477,-0.04834061667552057,0.16582032559198237,414.8860892475515,-5157.0152549553695,-1872.4344175985095,5502.085736800272,-0.40189649843219677,0.54751869710876,-0.1699505093379512,0.7001290557889766,56.69932964734067,0.3691120234555001,2.797253778468985,2.8424952575682996,22.405089320944366,58.181639119482384,0.2656742779815497,0.11775032900604623,0.3234052687901751,-0.6395741329238509,0.7262996484699501,42.02995922966698,0.033911516382886475,-0.004940156034763277,0.2721480199483619,36.57351638815088
FC21B0003380_11205223134F1C.png,RC3B,2011-07-24T22:31:34.275,1482,1480,1437,0.2863596468358733,True,-92.92478666017782,-5166.661378158535,-1888.9518576632684,5501.923657512925,-20.079624471283662,268.9696200844868,0.7723310749369683,0.5340081219088176,-0.20244554421929484,-0.2781291751109159,21.698786459855683,15.200068086490774,5501.859872233821,554.2639035188685,541.6250364225197,-2682.907346076239,4077.2702001850694,2539.495977581645,0.2972508962094149,-0.02021038892560357,-0.8534345123736327,0.42764819416402927,0.13219107822490475,0.42251298452988467,0.42615850095434277,16.673615362825267,16.35469381349512,5.135146300673432,0.03217895929684512,0.032834898499040935,0.17860644607254964,0.001181085699903625,0.003990080497553195,0.034027003233274296,-0.04980072744777756,0.16496932188844213,-93.30231283822991,-5167.2224939955195,-1888.5428674228622,5502.316583597131,-0.3929688170351995,0.3673344729304277,-0.5790430970248336,0.7903480337023874,77.27274573331988,0.2237973234313131,2.8543939719118043,2.8513667095715873,26.791531675440382,64.29905995562336,0.2877009405899019,0.22824986563918948,-0.39321586013705034,-0.43113557178490947,0.6265736948563426,35.3729516037826,-0.029320086131406242,0.02023090853890608,0.2934043358436821,50.80569846009989
FC21B0003388_11205223635F1C.png,RC3B,2011-07-24T22:36:35.631,1460,1460,1428,0.28051076052026613,True,-599.1279494251969,-5126.627959332241,-1905.7379180705332,5502.100103193444,-20.2651762049366,263.33431372291636,0.7874757039604754,0.5236110251656523,-0.22459838316717526,-0.23509376060546378,21.53897795263174,15.731570685317138,5502.035453872851,553.9512995089692,542.6599619762414,-2689.074766315862,4083.161160662152,2523.8417903633945,0.29543566166599405,-0.014702254038416315,-0.8526961747585775,0.43059359852911755,0.13354505088171167,0.4299671394242061,0.4336484255619611,16.96280746649165,16.64924795486597,5.196081166256687,0.03281858123496738,0.03346361206980676,0.18441893444877192,-0.010635482731764106,-0.00010656739865024497,0.036014082852151706,-0.052499641246754186,0.17032396129107777,-599.6454289382439,-5127.4571654705105,-1904.6389149948068,5502.548593215148,-0.4486683056663363,0.41765915931609604,-1.3369492154729554,1.470773818989133,109.34741565462656,0.32541757731928556,2.997511637676439,2.9519604348311552,54.631562434635185,71.03212171830461,0.28331685646760196,-0.02291103820220003,0.05094018202400093,-0.6076809962534302,0.6102425837514966,32.60397621719655,0.02886355400141838,0.0015248703984980239,0.2859272955430449,80.58799349765468
FC21B0003389_11205224133F1C.png,RC3B,2011-07-24T22:41:33.006,1522,1518,1469,0.2805072831719008,True,-1092.2505300103842,-5038.69462151719,-1921.820679639578,5502.258575703668,-20.443191949493393,257.76908445769385,0.8000242937690718,0.5125667662045881,-0.24590913304986378,-0.19174237362808777,21.563186965834348,15.260823382547642,5502.19515921983,553.9972286129869,541.7416356718869,-2694.6515012641476,4088.984503416156,2508.766320616961,0.2935434309609698,-0.009177183664836714,-0.8519870751394947,0.4334351822763054,0.13015623816896488,0.4180156202970834,0.423093757979078,16.54943669390694,16.17415034443519,5.069822348645276,0.03164627410951577,0.03242484256707265,0.1713744763099647,-0.022591905061411566,-0.004228372507283025,0.03785726867746642,-0.050736278102450745,0.1614542882000793,-1092.542208075336,-5039.700507004472,-1920.5048801137525,5502.778268408423,-0.5199251445758031,0.07194388530431547,-1.597720883216157,1.6817283072065676,116.2088134516818,0.05937406857958649,2.9457422975279997,2.861831721214315,62.33554378586762,66.2771699013616,0.28447238670817193,-0.3178655723869262,0.1983201209174133,-0.48437297030245086,0.6123614674595265,28.29431890569684,0.0176377153482008,-0.0022972611095610773,0.2854225238789529,96.90466113149422
FC21B0003390_11205224633F1C.png,RC3B,2011-07-24T22:46:33.166,1481,1474,1429,0.2743931822036704,True,-1578.026776969434,-4902.075099958538,-1938.1918927027314,5502.462776557843,-20.62443387286993,252.15611607541467,0.8103331243293908,0.5005414438192608,-0.2667792098724772,-0.14713036333033017,21.322265991504082,15.643942188579786,5502.3992253789165,553.5264626074612,542.4871608838346,-2700.642914253199,4094.678175039782,2493.4384090952617,0.2915294027407003,-0.0034517296221914613,-0.8512019417126091,0.43641029699693096,0.13208558393303935,0.43656227993999513,0.44109885135624627,17.254437701445408,16.89763273750875,5.143154516472062,0.03319752588528706,0.03391480487163143,0.18027815500115835,-0.03898526886430217,-0.0109793252250755,0.04785197958282032,-0.05555616794005587,0.1744712878331598,-1578.5135957967354,-4903.202414323981,-1936.500747395243,5503.011378564467,-0.5489715169029121,0.11793569876111137,-2.0130882108783115,2.0899288744333373,136.4911378391237,0.018822382881694466,3.1523423021161534,3.0424425226934626,78.58762448138965,74.42343435171861,0.2793826132006141,-0.22656646801647143,-0.050761929204686015,-0.7318216978991612,0.767770887310825,30.990678263860712,0.012969403447073091,0.027031056908640494,0.27772219719337343,106.20959798902925
FC21B0003391_11205225133F1C.png,RC3B,2011-07-24T22:51:33.017,1470,1464,1415,0.2893610795087064,True,-2047.2073907722756,-4719.066284465656,-1954.2427470216273,5502.70019284167,-20.802178614360454,246.5480189980901,0.8181274234120869,0.487745938906266,-0.2870257836683767,-0.10191966273049895,20.948264478866577,15.827275760191469,5502.637556650178,552.7963013611655,542.8431063485143,-2706.4516747255766,4100.29255884507,2478.392559009695,0.2894148756423358,0.0023406240068543625,-0.8504029799878695,0.43937264692279265,0.1317858743787614,0.43569190465579477,0.44017458603023174,17.20338163355658,16.87235829716273,5.127603801485757,0.03301267423928828,0.033691221236726264,0.1691158868500807,-0.05249471782595231,-0.01725417695873595,0.05786658785897107,-0.053327395610382,0.17396614394620286,-2047.7821220791388,-4720.18910036928,-1952.4633702892077,5503.24540385698,-0.5456162269450073,0.08037668193319497,-2.110226458532611,2.181103662001277,141.52501402269158,0.07949342680933569,3.1740606445526964,3.0562051087924718,82.25438194994545,75.39733651027403,0.2944098223097961,-0.15050906654310015,-0.6600132026496119,-0.4229690882028538,0.7982313301033896,34.89696581040139,-0.037945646586877047,0.04707123026196314,0.2924181151359698,117.1084684809124
FC21B0003399_11205225634F1C.png,RC3B,2011-07-24T22:56:34.877,1444,1440,1391,0.2791357522286137,True,-2498.424495897962,-4489.602484823642,-1970.7200019915865,5502.944008409256,-20.984847087335254,240.90444504486734,0.823451927246698,0.4741015199897064,-0.30664526944567483,-0.055886948241415005,21.10007831088774,15.687122580570986,5502.881196297788,553.0901367293679,542.5686323524011,-2712.53919665025,4105.91881230916,2462.915868041188,0.2872493535203896,0.008351667514297452,-0.8495379523576898,0.44238368647109083,0.13405251281441188,0.43829822590751777,0.4428171482170141,17.268675553375843,17.014837344937156,5.2195792905309055,0.03337376616252784,0.0339300026291008,0.16107027857628767,-0.06244024446825404,-0.02231931436792826,0.06791413341474987,-0.05073081392604374,0.17717802578954703,-2499.3163881489995,-4490.732904050914,-1968.5135815102408,5503.481638398186,-0.538234384947165,0.2295945693184508,-2.5688909743211354,2.6346936742909155,154.28838359475074,-0.4786361453647032,3.2043347426139235,3.1251024053778953,100.47323300670688,78.54842987716228,0.28620328053942534,0.13751948279203194,-0.46199321137713106,-0.5513739799450592,0.7323678046353463,31.756809882249257,-0.04083445735261648,0.03982100441237435,0.2839985512400576,126.53621599177212
FC21B0003400_11205230133F1C.png,RC3B,2011-07-24T23:01:33.138,1433,1428,1381,0.27255612338967333,True,-2919.972773975767,-4220.355481985208,-1986.1466470606786,5502.946474272915,-21.156966196682994,235.32147735982343,0.8261806518306627,0.4598563334215722,-0.3253573836250641,-0.010012795482853358,22.07261258111157,16.270604805084304,5502.878152921963,554.9840828419465,543.7056615932166,-2717.6738989931564,4111.342912087129,2448.16828193549,0.28501754169465154,0.014365708857552482,-0.8486246137947167,0.44541541531151135,0.13331595640007685,0.4364351222879642,0.4422971640933212,17.222001565756226,16.96478668646668,5.18298168565044,0.03316527679486053,0.03371307312941792,0.14497839721716624,-0.07056802353163535,-0.027491965917682683,0.08153007601384919,-0.04721894165456429,0.17736706833135638,-2920.654050201387,-4221.730842920369,-1984.3541524350196,5503.716271148885,-0.7702489527589046,-0.22222261146539168,-2.2194876981647065,2.3598288032349197,147.97902774752095,-0.43741568566053957,3.2052504524949654,3.113794376867408,86.83011520660435,78.38266575053991,0.28119524441397437,-0.14309181664176523,-0.3656940078964157,-0.22363401596815147,0.451906570542217,16.808984925382013,-0.0203935994393305,-0.0022818242930497945,0.27536923150231535,134.8208744099341
FC21B0003401_11205230633F1C.png,RC3B,2011-07-24T23:06:33.021,1440,1435,1385,0.28118736796541977,True,-3314.55398325964,-3910.118703964114,-2002.2131956806259,5503.10403935724,-21.335807364052954,229.71251293162985,0.8262377556297736,0.444924328190899,-0.34358032610147504,0.03641528349135338,20.570292947437792,15.571640138114617,5503.043562889673,552.0572482670789,542.3426979125584,-2723.3766703346178,4116.830075685317,2432.9167078632036,0.28252931598771625,0.02049077262323713,-0.8477493961075222,0.4484175233464315,0.13223538305858212,0.43421977617485374,0.4394436108866192,17.127393257340188,16.854703297381487,5.147863816274315,0.03280100831516589,0.03339145741129561,0.12764068749241145,-0.07477603398172769,-0.03227711238145076,0.0968829209995057,-0.043899119986258714,0.17462008921114322,-3315.417954253618,-3911.5800740446202,-2000.262825752616,5503.953693404224,-0.8501958465322342,-0.28581715675940955,-2.425173565368167,2.5857283783721834,151.29478287703634,-0.7576663058548547,3.1641136392585167,3.13202052391456,95.02409146469795,74.78683043077453,0.2914502895959928,-0.22784994300197187,-0.9079686359155387,0.3170681990422536,0.9883596932171121,38.21404820442973,-0.0962961881201636,0.01286735814721851,0.28414582554230694,155.08494607403458
FC21B0003402_11205231133F1C.png,RC3B,2011-07-24T23:11:33.224,1445,1442,1388,0.2815487365725646,True,-3676.857259118409,-3562.770377463342,-2018.4862368146187,5503.353409937623,-21.516790634407318,224.0971696160065,0.8237631087586449,0.42923542529606146,-0.36094375172816234,0.08301143540260685,20.44430762058687,16.00382478791903,5503.292165835842,551.8101163001514,543.183440279853,-2729.13258972257,4122.4332998823475,2417.494105557938,0.28003744306758355,0.026795724883980295,-0.8467308156559145,0.45156167400121766,0.1332149505592088,0.43671275604933163,0.44099338394047044,17.151063827854816,16.99569780175223,5.1795872619901004,0.03326720962276722,0.033625337748060424,0.11437963264561679,-0.0771759162349692,-0.037694765073757686,0.1128300666148908,-0.040014426398409,0.17572971976745494,-3677.8917945493295,-3564.310662457948,-2016.1692030829884,5504.192657091955,-0.8399835975723174,-0.3861254970218879,-2.8207661002485143,2.96839800834594,168.93925060669494,-0.48602710173952346,3.155633521257414,3.030351441296272,110.80857704270576,77.9559743616359,0.2928408171466183,-0.06668719979915666,-0.9206605880618658,-0.061653153054001666,0.9251292949144857,35.95318661899795,-0.05287778610204441,0.019824845683160675,0.28355016223407986,157.14887277898328
FC21B0003410_11205231636F1C.png,RC3B,2011-07-24T23:16:36.068,1443,1438,1374,0.27878408121790843,True,-4005.472924495268,-3178.914148129869,-2034.6065993671757,5503.538182318115,-21.6965400412007,218.43701522947418,0.8185601934957466,0.412817922372338,-0.3776987998618327,0.12993917490627435,20.048387483938086,16.308244998965165,5503.477503137244,551.037845789162,543.7755314666155,-2735.1284537499896,4127.671096258787,2402.1524070779446,0.27742597190769774,0.03326338736950724,-0.8456752690613385,0.45471058539449966,0.13552322256824556,0.44352242605034153,0.44705867991831877,17.41776095076679,17.23930374121383,5.271090732209188,0.033978100056250064,0.0343900080698188,0.10315978086777611,-0.07859272880317986,-0.0418782084535279,0.13088875950997242,-0.037590847199313854,0.1808916091774241,-4006.9296713063213,-3180.1706278119686,-2032.196230690589,5504.433861245495,-0.8964699704820993,-0.0785685579342057,-2.9497284949367444,3.0839470845190955,168.0725770340292,-1.0815730189974602,3.1616874373797828,3.21592882883863,114.89332840000743,80.53690155826108,0.29176900822397817,-0.20565091262035048,0.06912143698669734,0.8091983490586323,0.8377780368521873,33.87445595691361,-0.04150251218152334,-0.08164507666242571,0.2821073010376273,195.36668406321792
FC21B0003411_11205232133F1C.png,RC3B,2011-07-24T23:21:33.029,1454,1450,1391,0.2855278161506196,True,-4288.886487411229,-2773.669334461161,-2050.207104554531,5503.738552147505,-21.870605084206254,212.891186385955,0.810823436081477,0.39622796377938363,-0.3933021982812346,0.1757331415738616,20.102047020529994,16.19053866891477,5503.678026970504,551.1409040848202,543.545038796957,-2741.243092566173,4132.490884863983,2387.308828863384,0.27480065634399214,0.039789049852850394,-0.8445999789863641,0.4577688349821905,0.13556286643704615,0.455334627750739,0.45889824243382354,17.89339244013005,17.68933588749867,5.286793257469945,0.03495974859648595,0.0354601277350708,0.09416791072646892,-0.07904100757070703,-0.04832959297813794,0.1524244492691121,-0.03649449063221608,0.1897021508988038,-4290.841687032266,-2774.206297910393,-2047.894098880459,5504.671943610173,-0.9341717008923348,0.6106407519984065,-2.8662818524101032,3.075895081468929,162.35350118930566,-0.581912231851561,3.130048490666809,3.0694451914442786,114.20977119438416,77.52795449860476,0.29742401529351314,-0.16748849638624913,0.9745833532299288,-0.4111476439177645,1.0709376704149256,43.36862994968676,0.06380265053314815,-0.02725147584590104,0.28825555401975095,152.9392132128121
FC21B0003412_11205232633F1C.png,RC3B,2011-07-24T23:26:33.322,1432,1426,1367,0.2965697932453836,True,-4534.322464908862,-2337.718492887071,-2065.869498558396,5503.891782442429,-22.04576375470714,207.27385324778436,0.8003315944186915,0.3788647653402764,-0.4083710673103304,0.22172933938185432,19.764859077645383,16.03235876990061,5503.832943200149,550.4832742638417,543.2359641630729,-2746.677816321,4137.74272974421,2372.2712384161136,0.27196732609825813,0.04642834678568516,-0.8434684779661988,0.46091117238259166,0.13729601681891648,0.4658787827194568,0.47050221550453575,18.33991021547488,18.1098127536086,5.370199213450628,0.03591757438128296,0.036466038417823705,0.08329328875516888,-0.07484483525950614,-0.05528875691489243,0.17541999196054098,-0.03364923435981082,0.1985522905014698,-4536.28463572505,-2338.1899693587466,-2063.7485431534506,5504.913139958976,-1.0220412407808528,0.4799078347622874,-2.701106509801156,2.9276024670390743,152.46775106739486,-0.9228767488394851,3.086126521843653,3.1260852449069367,106.94327824102118,74.62681412293013,0.3085497041507625,-0.2710344558744425,0.8604728387547265,0.2567909219980681,0.9379844135839308,36.78246303058748,0.027499188680735642,-0.07871154181304973,0.3003200389376263,168.8490889691251
FC21B0003413_11205233133F1C.png,RC3B,2011-07-24T23:31:33.201,1472,1465,1414,0.3003297599075919,True,-4735.422993087105,-1880.6077208723495,-2081.575958829396,5503.987172554024,-22.2218712716703,201.6598167279315,0.787230699663303,0.3609965678506344,-0.42255959969543394,0.2671941021297517,19.980610247213008,16.19266542739706,5503.927086039549,550.9026916330055,543.5477538992114,-2751.7630252103927,4143.170918205644,2357.0765348751816,0.2690450872473914,0.053190457255676844,-0.8422424915229061,0.4641261700855311,0.1348048895514685,0.4559387175850237,0.4613769703615976,17.957428916335587,17.74250057024982,5.256320809291017,0.03507917335464585,0.03550630498429014,0.06876387240535378,-0.06280706828124433,-0.05665251668619101,0.1799352126339584,-0.027658734951824526,0.19022209618079394,-4737.341620770781,-1881.422200623726,-2079.561707715844,5505.155040967056,-1.1685076139552977,-0.048794773857348206,-2.6521549782372715,2.898571545160829,155.1802827294064,-0.8212841341062358,3.113081031767024,3.0906261365570793,103.4089683731898,69.42205372636495,0.3143946836539021,-0.24819193875806816,0.27661688819316693,-0.6839098182314441,0.7783628850167039,27.987181155138984,-0.003157124172503245,0.0056580106565888855,0.30711857737742776,134.6754221370908
FC21B0003421_11205233634F1C.png,RC3B,2011-07-24T23:36:34.884,1421,1414,1359,0.30662791049961413,True,-4891.167719723155,-1404.384156768916,-2097.847931914952,5504.251308550981,-22.40383724530827,196.02017829252384,0.7713882928181802,0.34257627506984967,-0.4359867950474261,0.31227729985798486,19.416994027142778,16.218433820979044,5504.193166162733,549.8034857230966,543.5964260814694,-2757.664141668933,4148.442698883985,2341.472639924433,0.26599519092839413,0.060128140146926704,-0.8409449417088806,0.4673786154497087,0.13811672733084782,0.4788468513515574,0.48091053968732483,18.73038158327242,18.62638141124938,5.416106255954482,0.03690680290939457,0.03714712134502945,0.06057512875886765,-0.054035819460554295,-0.06471190082023066,0.2121735585217116,-0.0220413821885232,0.20689679731965896,-4893.351588130192,-1404.8585790972188,-2095.450640768632,5505.40014714798,-1.1496942598238538,0.14663280480852603,-3.065626287490418,3.2774018070828936,165.82797418267347,-1.1115425129332834,3.0610921815663232,3.1331253295762225,119.62938026052001,70.2838132988997,0.3215936987835589,-0.22869787442990985,0.21608041998211197,-1.0904917185465488,1.1349738560367855,43.33823788193005,0.03153062957142083,0.03960389433802902,0.3105906096880207,128.31062213292216
FC21B0003422_11205234133F1C.png,RC3B,2011-07-24T23:41:33.017,1395,1389,1330,0.30203250280020905,True,-4998.455960680733,-921.5083208751914,-2113.355866397443,5504.544721804289,-22.577284443631626,190.44568044236556,0.7531217584965619,0.32399618093960697,-0.4484486655496066,0.35598860372541763,19.217136908785847,16.05339704857579,5504.487767670639,549.4123728504715,543.2732283644481,-2763.214225688296,4153.510614317892,2326.587482568814,0.2628722049986012,0.06710040884620048,-0.8396243374795337,0.47055999711397095,0.14009977505733925,0.48993245244543326,0.4911496451245079,19.09625468690659,19.09625651816712,5.495345706164287,0.03797835188034133,0.03800793914002382,0.05252761671834489,-0.03814651235839848,-0.06976046371763196,0.23234151070426257,-0.013995642658624559,0.21602060141363644,-5000.575588718551,-921.6664704104882,-2111.132851804021,5505.643215749908,-1.0992434438076208,0.22867184869346477,-2.8633898116827257,3.075650854174992,157.328687863306,-0.5850778301741002,2.946842360928372,2.865664564639295,111.95206451398352,61.66362884738728,0.31578012263104144,-0.3014428555009123,0.2568458970695409,-0.392076864847119,0.5572807891201231,18.062883193652585,0.01722187338589265,-0.01596574001484896,0.3057134427661101,144.97263667868904
FC21B0003423_11205234633F1C.png,RC3B,2011-07-24T23:46:33.040,1347,1343,1292,0.30104501590117677,True,-5058.373821405535,-427.46737652035324,-2128.6955290292317,5504.654278915167,-22.749834981218285,184.83041058155783,0.7321577886136476,0.3048993746075668,-0.46014200048425624,0.39906225495107267,19.22524689791726,16.206384561476398,5504.59684930334,549.4274210940815,543.5706349781615,-2768.2323036395605,4158.653029951834,2311.647382266143,0.25958206312658977,0.07423741960363854,-0.8382123533616216,0.4738206503578207,0.14254253134184572,0.5044138875048023,0.505460954663131,19.611780043657404,19.70377985830632,5.594270363588501,0.0392432073694257,0.03902113640908385,0.04822761068558883,-0.01769763753023843,-0.07512570168155572,0.25291482608860294,-0.004549178210110946,0.22910008306382024,-5060.444561435893,-427.8142430462711,-2126.895124707526,5505.888398562397,-1.2346760229346425,-0.17119373585759567,-2.469008749465999,2.7658156810869086,146.27926316965292,-1.0601729644042734,2.9838093023051897,3.044690578757941,96.42837114462756,66.15190848751273,0.31567359852435495,-0.30779531395021376,-0.04955697427717075,-0.4016886063084404,0.5084757471376938,20.072721578384623,0.0022026598162483424,-0.006675178334603515,0.30563522671434407,129.71428279873678
FC21B0003424_11205235133F1C.png,RC3B,2011-07-24T23:51:33.029,1340,1331,1256,0.30213188780647865,True,-5069.8556014935375,69.09779391170625,-2143.637215270075,5504.8515725503175,-22.91771335844602,179.2191558952068,0.7086502225379862,0.28550568237303,-0.4709768877605518,0.4410012909561127,19.343081295699676,16.519844233661843,5504.792800438742,549.6554823447137,544.1801234087691,-2773.3808343041233,4163.514579194486,2297.1495233352207,0.2561809762123369,0.08152014532231645,-0.8367360630417897,0.47707288137018244,0.14571579418655603,0.500425150135344,0.5037869106887747,19.523457011946874,19.570377268350857,5.704797372444151,0.03900549426663421,0.038884100944287084,0.04695237996187467,0.0004342801457830142,-0.07414591401527236,0.2504512889826661,0.002117961404082172,0.22805600600019907,-5071.6762237054745,68.85004024844997,-2142.6356156895577,5506.135434927387,-1.2841103682661095,-0.2724442370630429,-1.62974953160007,2.0926654859169527,119.68083321656647,-0.9665784314843222,2.921220502219512,2.9893348840127274,64.34318361395881,65.62841733406617,0.3151084344345869,-0.3948720972883079,-0.47290097866023667,0.5416461578674292,0.8203291224668454,35.129493076091194,-0.06763828490613832,-0.0607807779159657,0.30912289606523036,129.72339226024832
FC21B0003432_11205235635F1C.png,RC3B,2011-07-24T23:56:35.037,1366,1359,1299,0.2901515528637428,True,-5032.297228393909,566.3089205686208,-2158.7248839369963,5504.98086399448,-23.087741244252967,173.57924027414754,0.6824652288530845,0.26570535305768256,-0.48107834638038344,0.481877060469696,18.477193059878573,16.254539870449662,5504.92585746762,547.9689652954592,543.6625455544349,-2779.1869090382656,4167.8848459006485,2282.470229573098,0.25263537845712764,0.08894805363724528,-0.8352150606770382,0.48029096569082036,0.14308418042156046,0.47186931122347936,0.47809785270838695,18.45304564749638,18.50753218417055,5.583348518084291,0.03643848458084042,0.036329589841149035,0.04224295773481699,0.012344732604992985,-0.0643732779576428,0.22216704824589734,0.0072157934275067295,0.2073012803450867,-5033.876417944174,566.9195660110067,-2158.4619151491697,5506.384242369034,-1.4034661280751197,0.4300768957425708,-0.8838533625205831,1.713441004337376,78.42475523513247,-1.2881493265338122,2.588835486470998,2.8968511938371875,38.30275547932243,62.284975881692795,0.3046851081842809,-0.2622531297389909,0.07140069966037124,0.5578276313140351,0.6205210957149754,25.409917350779274,-0.0034951864021195433,-0.07160041675615503,0.2936876052847168,96.13184004150017
FC21B0003433_11206000133F1C.png,RC3B,2011-07-25T00:01:33.193,1375,1371,1316,0.3018224476607617,True,-4947.308264108936,1050.9044161550673,-2174.11348019923,5505.181974903174,-23.261064225872797,168.00751747358416,0.654238201541578,0.24591749561905712,-0.49012319505726365,0.5208418326699114,18.42182658087563,15.832486956855746,5505.128385919891,547.8598623304094,542.8392825859614,-2784.813783628525,4172.569742272091,2267.4881506166234,0.24905989793352115,0.09644713602126762,-0.833591181641592,0.4835213119232844,0.1415939012909759,0.4699630281195769,0.47494005935187483,18.341783376813943,18.406125061108845,5.528740712352681,0.0358948545937314,0.03579770868658991,0.045744532149341266,0.027815939759694087,-0.06358376822038005,0.21694975514312792,0.012653282663419365,0.20378785336681404,-4948.706978302074,1052.0100294508375,-2174.066584084353,5506.631581211241,-1.449704337410146,0.7906038293627496,-0.6740061710045342,1.7835305995303328,68.29264385623314,-0.9851427918571289,2.5204950610240076,2.738750392067777,40.57899393363639,58.69175215940859,0.3163027898028178,-0.29128333768358505,0.13370975635154284,0.16293704349824809,0.3595452153757972,16.21623280138146,0.009441265918667341,-0.04821031482379112,0.30535141776928243,71.17000650410488
FC21B0003434_11206000633F1C.png,RC3B,2011-07-25T00:06:33.029,1350,1345,1288,0.2993888629440964,True,-4814.71719334023,1527.3881014704816,-2189.5942065538543,5505.337306081601,-23.435851746026618,162.3992448628713,0.623526514435859,0.22570308821919854,-0.4983046574265045,0.5585385126836281,18.4581854254302,16.664052770948047,5505.281142545757,547.9296477042154,544.4581517210769,-2790.0657850684024,4177.485667460538,2252.3066547178355,0.24533133254403958,0.10406266839629588,-0.8318125734796076,0.4868997236799804,0.14311919653424116,0.48348573033075776,0.48760491876830475,18.91604642326385,18.84550049115798,5.581250425672863,0.03662250424838087,0.03683281594673986,0.05607798365323326,0.04603757971304929,-0.06772452520207545,0.222430365826246,0.01742597748588495,0.21349176317763865,-4816.050055713955,1528.5408067087792,-2189.7386051064855,5506.880268864578,-1.543030459068466,0.6954861608235134,-0.511330048191017,1.7680787357165684,68.99799433212364,-1.1226645430397184,2.7217085164413675,2.976276401207007,33.898657207750965,64.6137306705665,0.31539314080066894,-0.36268713470964953,0.40277684826146537,0.03911388998037782,0.5434160869616689,29.383324012658345,0.0156620213944052,-0.05381307821483006,0.3068397096108022,68.51503355208033
FC21B0003435_11206001133F1C.png,RC3B,2011-07-25T00:11:33.068,1328,1324,1272,0.2927834813730079,True,-4636.216520906381,1988.4386010009712,-2205.400921610991,5505.650272558054,-23.61384620406458,156.78586869814137,0.5905059995304746,0.20532801483229088,-0.5057101275572808,0.5944748419651962,18.18750278338348,16.01556973706306,5505.59693766144,547.4007148065812,543.1932445959208,-2795.3664830176167,4182.640886243992,2236.8787106279083,0.24146205242270216,0.1117808617558323,-0.8300046990911802,0.4901972211992836,0.1434954811036653,0.4833865447131954,0.49136662466323144,19.053586320870885,18.838154394066486,5.587049646707028,0.03636794606806149,0.03686004771367681,0.06787767995584212,0.06130349394645552,-0.06749297514069563,0.21157325881872782,0.024246409764424957,0.21624372576530143,-4637.511538653989,1989.5217189204977,-2205.40097884619,5507.132050232771,-1.4818371022283758,0.4848159543142784,-0.6475551639792447,1.688258095640131,75.82553835978082,-0.9896562164725538,2.654661066159292,2.8466908206540844,31.58369239164562,63.909616537196435,0.308140610717873,-0.19441366429299942,-0.3426660069903627,0.7437763328312784,0.841676837325642,43.454274422414905,-0.05820186464552535,-0.06832069847212097,0.3002431769061029,93.91686837913187
FC21B0003443_11206001634F1C.png,RC3B,2011-07-25T00:16:34.900,1313,1307,1258,0.3063111496217988,True,-4412.014118117285,2431.5394337006464,-2221.3129712017694,5505.677425361637,-23.794571833172878,151.14005927447738,0.5551072303354494,0.18464108809584664,-0.5121920856459907,0.6288266047311439,18.022132844455996,16.66294564058103,5505.622713291118,547.0786727622112,544.4539784323666,-2800.6503901196647,4187.558723182035,2221.0792971799438,0.23746352327579479,0.11966433734843052,-0.8280200495313793,0.49363379043017164,0.14644640258678826,0.4874456795400423,0.4969877764500873,19.297208885262435,18.965312391697452,5.691389940080325,0.036517774208780295,0.03718479566203986,0.08079346948293352,0.07435293757057199,-0.06679805699257121,0.20327681231454964,0.029172341138560324,0.22197640747618422,-4413.53817325878,2432.801176472419,-2221.1364512823084,5507.384851839664,-1.7075200426716142,0.3692786647744688,-0.9454664192989464,1.9864284981858413,86.61432209134553,-1.1965904466293296,2.544739806521875,2.8153393570810086,39.51320857145548,65.21549114653773,0.3267935493350424,-0.4252812906612113,0.1993018524167985,-0.034455148308432465,0.4709273423875376,35.061622186747776,0.002183129317586463,-0.035716896550866295,0.31584169903707726,79.3445989226135
FC21B0003444_11206002133F1C.png,RC3B,2011-07-25T00:21:33.021,1319,1313,1268,0.306124879423099,True,-4149.083100436832,2845.35839553463,-2236.7046032328635,5505.797168030529,-23.9691919518224,145.5584480423089,0.5180672873770026,0.16409023808390846,-0.5178504408151887,0.6606902454728049,17.762306520544143,16.304277727352883,5505.744375330896,546.5721726024788,543.7547045261316,-2805.410607666567,4192.603365460702,2205.7993557466853,0.2333600874266962,0.12750141262516443,-0.8260388659834251,0.49693686848493007,0.14606651242350233,0.4879387942147931,0.49905184377302275,19.380665893844835,18.96508656762231,5.669706828112113,0.03613709119371741,0.03702509587256274,0.09502516820061979,0.08348728148311789,-0.0662569964664808,0.19085631800321157,0.035107007854790116,0.2225909495207734,-4150.874898237106,2846.3407382924324,-2236.6573533965757,5507.6359843204045,-1.838888600740493,-0.20315488546316807,-0.8688993062968882,2.0439591967316995,90.5000170073502,-1.058742906501152,2.518307294892338,2.711688171608671,34.4769377630848,61.4770616271089,0.3302241694372629,-0.39928162745898105,-0.9841231135181303,0.5408249320313492,1.1918119514812835,47.84205661868264,-0.08872231035979894,-0.029160718760863347,0.31175960483582127,93.7549272593035
FC21B0003445_11206002633F1C.png,RC3B,2011-07-25T00:26:33.040,1310,1304,1255,0.3011331480669149,True,-3846.199148652203,3232.8050207387296,-2251.7574190088617,5505.8775565088545,-24.140361178839413,139.95229694606402,0.4788426507436776,0.14341423925913685,-0.5226800676323711,0.6906139433187778,17.514792295003417,16.25150075302531,5505.825713554874,546.0899103718499,543.6514448293844,-2810.8142760011556,4196.9252033472,2190.851343794251,0.22914402594894528,0.13556263812577768,-0.8239461064622378,0.5002285479278515,0.14541255538849418,0.49586532476113365,0.5058973939326861,19.678181870087336,19.225858719788285,5.636186575299273,0.036266587071461825,0.03725434281610363,0.1161623549038566,0.09391939504413437,-0.0664919120602775,0.17964397914679536,0.04253869616103787,0.22715307070230784,-3847.5966675153395,3234.2216568328486,-2252.2567008383467,5507.889803533927,-2.012261555232666,0.1851758481541116,-0.3545595575220268,2.0516332862471303,68.53660688757303,-1.14119214854054,2.4835854474208645,2.7601743449801948,15.998297275697006,61.24930847163341,0.32842272641163583,-0.4155097703170532,-0.1981886743334145,0.7030574209522639,0.8403670965828062,40.50540675013341,-0.056982098690809835,-0.0821272207687116,0.31256679352502276,82.42077481076556
FC21B0003446_11206003133F1C.png,RC3B,2011-07-25T00:31:33.036,1310,1303,1245,0.30097085833858356,True,-3506.5022271360776,3589.1083520231314,-2267.3843106756467,5506.204522515536,-24.317150805092368,134.3330005279325,0.43779721802487265,0.12257064571977985,-0.526603873214959,0.7183302815644914,17.566713927936917,16.75785087642612,5506.150999452011,546.188952071651,544.6356886484741,-2815.5030243762703,4202.242622003878,2175.4052287591376,0.22479920992494945,0.14362476928860543,-0.821704818711428,0.5036252890496392,0.14513292778080975,0.4964043432898795,0.5071833917436288,19.70663284524303,19.252045925041266,5.619575480481721,0.03600767073556141,0.036950389621516304,0.13593688462562817,0.09823797431460234,-0.062353372520719486,0.16105983822775263,0.050016644292627435,0.22771910877047666,-3508.2906364958885,3590.0535128614047,-2267.8336912165223,5508.144611967808,-1.9401375385939987,-0.6184902907987052,-0.3834266690104727,2.072119668113382,81.9568228271849,-1.1169689928697153,2.457092748911691,2.691047692606451,27.812922949633826,56.966103527742675,0.32844976861390757,-0.202377236064375,-0.3662608750786454,0.7528950401943985,0.8613678168121651,39.863130834444796,-0.0755833084645019,-0.07440013605207696,0.30963351388357235,93.40569794765997
FC21B0003454_11206003635F1C.png,RC3B,2011-07-25T00:36:35.150,1302,1295,1245,0.2975714752313999,True,-3131.7307587817245,3911.1940599093123,-2283.2580646010406,5506.218657966203,-24.498472195481643,128.68459171834405,0.3947491550847666,0.1016343413449798,-0.529736011988419,0.7437898378049008,17.157457791911952,16.45953208972287,5506.167325352602,545.3923394528558,544.0546169653809,-2820.8758299528095,4206.870991136756,2159.4767711775053,0.2203319206085932,0.15187330877197996,-0.8193694379602576,0.5069734381407677,0.1482149045722911,0.513298087072804,0.5227219502765401,20.29089588156637,19.933430312247058,5.717161287936978,0.03739266799212803,0.03812486929916119,0.1653048095394906,0.10646442187174973,-0.0593612148764498,0.15066879910528994,0.05981515807321482,0.24270721278610227,-3133.5537754362012,3912.6661273854706,-2283.499275795136,5508.401259031244,-2.182672302390358,-0.5027240944355887,-0.7292224093318063,2.3555371398090483,88.09920888034142,-1.2401444460194853,2.5084078408602863,2.78650800480331,33.75916130042287,55.18424982156499,0.33136306821878647,-0.3375127030352245,-0.6350819587763837,-0.6522441849188476,0.9709100863797037,41.86409797628186,-0.05064708493557646,0.011831938557861577,0.3075499536605009,52.880949087097676
FC21B0003455_11206004133F1C.png,RC3B,2011-07-25T00:41:33.111,1291,1283,1221,0.28938724218527023,True,-2733.612826801121,4191.160008572317,-2298.6277736597667,5506.555270416122,-24.672741017027263,123.11371671266967,0.35073430755485946,0.08101826136928826,-0.5320120892203325,0.7664102189768407,16.97764908952138,16.36217337403673,5506.504788417188,545.0403636450333,543.863058071279,-2826.1818729576953,4211.524499282247,2144.2733872009712,0.21581125083767072,0.16010086950893568,-0.8169689832944119,0.5102498367753359,0.14747076262548614,0.5206303614731604,0.5292592689226506,20.529021176686978,20.224196279200047,5.675160011546014,0.03774226971954956,0.03837133127051241,0.19515041714900677,0.10410239234785429,-0.05304622422412705,0.13026762192125066,0.06969064314694731,0.2475009337872973,-2735.136141032802,4192.762130390581,-2298.928950907536,5508.656670490728,-2.1014510948510225,-0.40049249218994953,-0.6336381958352961,2.231140583551939,81.31823784427107,-1.1314109279611557,2.512493055203322,2.750158191214623,28.500690822302452,53.075870974778105,0.3214087638311544,0.07538945800797464,-0.07298287790641764,-1.232239135291181,1.2366985717584527,49.16574146312112,-0.009849138825643422,0.062292112515592635,0.294246460040014,49.27988842107623
FC21B0003456_11206004633F1C.png,RC3B,2011-07-25T00:46:33.036,1256,1250,1198,0.26830621676024297,True,-2308.0450642926276,4432.168015003052,-2313.5233669487443,5506.6846379141325,-24.842794630638643,117.50818129307208,0.3050362694955582,0.06032628197158181,-0.5335217002980759,0.786554644831984,16.90109135565774,16.273942786007183,5506.634654063833,544.8905970925447,543.6904927891504,-2831.391805248428,4215.762320034483,2129.3530021086262,0.2111605212471592,0.1684569441101193,-0.8144710522353109,0.5134884587976773,0.14947239687405875,0.5284952788928818,0.5343025410028127,20.746230218618418,20.51366099926922,5.738384556125832,0.038380229310442916,0.03895947225868057,0.22386190165988748,0.0971417217054608,-0.04591122566146163,0.11068264486294048,0.07623779551520475,0.2525839160385755,-2309.0893549859825,4433.916723973869,-2314.4386216100556,5508.914348367108,-2.2297117788727148,-0.11849465943631987,-0.02369832776053926,2.232983925579694,56.2847914624041,-1.246603157220875,2.374973807076117,2.7243598425497897,4.263008278315025,53.22231521791205,0.3026918138908658,-0.08466805392948598,-0.24051159695260937,-0.13582133316937067,0.2888978057528405,11.460054938643786,-0.06034388716716421,0.0005971194476614983,0.27302381672029047,45.604598411448514
FC21B0003457_11206005133F1C.png,RC3B,2011-07-25T00:51:33.040,1216,1211,1158,0.2863964859349361,True,-1861.1327087217485,4630.1520476553205,-2328.667282043849,5506.7970958028045,-25.01600743225202,111.898119939193,0.25802138632797994,0.03970074510676228,-0.5341862097018952,0.8040484490375429,16.83224261033041,16.37371982278728,5506.74702807838,544.7559447970422,543.8841396300422,-2836.434291898231,4220.189352916231,2114.1089346621807,0.20636854224790968,0.17690374614771476,-0.8118329084596313,0.5167634063199078,0.1530039044424864,0.5535829150655209,0.5557245337604918,21.610010873208026,21.461665458341447,5.902281234774966,0.040288658593217355,0.04064869577692713,0.26841547736328314,0.08933622587888121,-0.04084031122753801,0.09737921655223011,0.08781450071762799,0.2728993021348881,-1861.9876130482849,4631.999497299435,-2329.930240481577,5509.173453399158,-2.3763659388199163,-0.10415935658194742,0.284660084573754,2.395620088932417,45.77291870747668,-1.0616046700326933,2.3892771353816897,2.6744727369193924,12.211636463570901,51.71840742154325,0.322376473232085,-0.004857916233068152,-1.0250343478337995,-0.2544766440079807,1.0561616239642277,41.106256937208215,-0.08722551238690812,0.005819248627972229,0.28954290343565137,21.73233261876553
FC21B0003465_11206005636F1C.png,RC3B,2011-07-25T00:56:36.782,1210,1202,1146,0.2750496471091695,True,-1392.141931714166,4784.622694431564,-2344.351884636464,5506.9646126614025,-25.195405169831492,106.22297251083629,0.20934931608568721,0.018919402700581147,-0.534017207121544,0.8189264573537812,16.596268262145713,16.49977631336742,5506.914886428362,544.2957478882804,544.1286262044885,-2841.985397457108,4224.538007650922,2098.3462220659144,0.20145638729908685,0.18549383507259637,-0.8090353355234691,0.520066521745909,0.15232785710471514,0.5484421634906114,0.5564706756772532,21.67701298382507,21.223197942867152,5.886518839836267,0.0398267672358149,0.040912227789198036,0.2799621789976256,0.06757885976571439,-0.03558855854096801,0.08227505989520538,0.09278491824610813,0.2714149567402447,-1392.4284285174472,4786.775900579338,-2345.593665788748,5509.436459012754,-2.4718599982262894,0.32632472017508846,0.2093272305251842,2.502078648497678,40.18507628771833,-1.2325471187517678,2.3021329032166022,2.689349908469801,15.98908643443562,55.02889866313796,0.31496726780921913,-0.10029923302178184,-0.636902053559753,-0.8679952190659772,1.0812584622997323,41.57845269146382,-0.059840448472527896,0.040857559305322866,0.2790726020265054,15.342337022180851
FC21B0003466_11206010133F1C.png,RC3B,2011-07-25T01:01:33.040,1160,1155,1096,0.25810437371437295,True,-923.3721856023875,4890.109753252368,-2358.8106914142486,5507.247721859643,-25.36037256489264,100.69294468912406,0.16094187336407753,-0.0011702919276227529,-0.533174901776472,0.830554554457752,16.289090854125675,16.29194676822044,5507.199534057021,543.6963498627117,543.7222941606593,-2847.5451930599693,4228.304748565591,2083.915256594414,0.19653523646699417,0.19398071521308907,-0.8062515380786537,0.5231671246342668,0.15662617329513298,0.5563302405861624,0.5587826686761667,21.74292019546829,21.553124406546267,6.041219193240038,0.04048721809290324,0.04106203118728378,0.30082909650500833,0.045479396405850414,-0.022743705826348333,0.07107725592816992,0.09661667974119933,0.27436681313141476,-922.5116715898866,4892.043840940769,-2360.848998694944,5509.69406778135,-2.446586521975757,1.2040120292924223,1.0956484593494848,2.938686121835605,24.449694502182407,-1.0403845729910017,2.2221782416679616,2.6149289535265914,64.04339101566863,54.54734793685153,0.29828025908270084,-0.0014743367667295754,0.1157718205227236,0.13223430801246083,0.17575892669102705,7.368153507502891,-0.005671451017860818,-0.02624556044702331,0.25901231619361387,19.731927229512483
FC21B0003467_11206010633F1C.png,RC3B,2011-07-25T01:06:33.853,1132,1128,1083,0.2687522999680437,True,-438.4961309195762,4950.015453463967,-2374.4650575475775,5507.541752531518,-25.53927782361439,95.06232099382233,0.11101935120434021,-0.021547477828919238,-0.5314277852364732,0.8395206483083291,15.981602549659101,16.50407652418471,5507.493836557235,543.0963571838823,544.1336173802162,-2852.365661400613,4233.180412504066,2068.1416500647338,0.19140793460074557,0.20252473967595952,-0.8032563030221973,0.5264276246989448,0.1601583357869169,0.5558061038643265,0.5590484057365809,21.728799013426986,21.559837903222228,6.167124194521464,0.04064066556983614,0.04116334119217795,0.30669690762070184,0.023384892315496612,-0.0118064258639178,0.06430346508291251,0.09729411667597498,0.2761058648678756,-437.91675763443783,4951.864028686689,-2376.3173323408982,5509.955762907902,-2.414133460817353,0.7399636534813623,0.8990211857656045,2.680265969557284,30.571778772800116,-1.1435504349504981,2.2632816382824785,2.6694421426720636,46.02161303279551,60.31953768330753,0.3056515106316264,0.04138802401041719,-0.2626075729696071,-0.4814702150925577,0.549990248944241,22.618505230513705,-0.010673326839196307,0.030097831029820554,0.2693118210141979,27.0902438573717
FC21B0003468_11206011133F1C.png,RC3B,2011-07-25T01:11:33.091,1149,1143,1102,0.2684017872102946,True,45.70555808782269,4961.98817100277,-2389.928699376795,5507.737720272852,-25.716720411098514,89.47225558989993,0.06080997631499043,-0.0415252091620826,-0.528952740051667,0.8454506505860934,15.884937962027834,16.44521937940317,5507.690261699719,542.9071678498348,544.0178789463482,-2857.8490502202694,4237.345966605626,2052.5040221062977,0.1862645897994833,0.21115159018977256,-0.8001597925707781,0.5295892888836121,0.15829853347265363,0.5360572498799621,0.5416593408910358,21.045215359331102,20.795220545950308,6.11469844632874,0.039142637803094966,0.03977234186041989,0.2873236837423256,-0.0028821129463815097,-0.0009774412176845272,0.05866199836326624,0.09139832716142539,0.25982496031738045,46.96228661882729,4963.884468830725,-2391.6824824325313,5510.217742797284,-2.4802131299066033,1.2387326124300029,0.7517655250654386,2.872467068485848,37.63088421677968,-0.9886294981929495,2.302572065749928,2.649846713279869,57.097516148034366,60.41336367450455,0.30859204749451297,-0.15824656371612583,0.5308448249301473,0.25445636011254685,0.6095787416608347,23.27864509519162,0.03484116259073744,-0.0405122437944101,0.26939977744378657,39.29272578042379
FC21B0003476_11206011636F1C.png,RC3B,2011-07-25T01:16:36.017,1102,1091,1052,0.2571248858498692,True,534.558187858913,4926.304360328652,-2405.3769789923854,5508.181688893952,-25.8929854679918,83.8070088405095,0.00956770589761548,-0.06162266974990576,-0.5257382178613765,0.8483574905997441,15.478205768715327,15.993290719121887,5508.136722855088,542.1133468196012,543.1354710892065,-2862.9703073325377,4241.941963642911,2037.0063608845683,0.18089630623747374,0.21986089523998878,-0.796960363163633,0.5327212147831166,0.16077027727860493,0.5374356015471418,0.5448901607593787,21.17101037863894,20.842214006059162,6.2259106159323085,0.039191725751649135,0.03997997985639354,0.28566003564466935,-0.02687258637327961,0.008255817309576271,0.0633564251819854,0.09246841657692262,0.26257293433230444,535.9283093489316,4927.83301527728,-2407.2142012144723,5510.484333499824,-2.3028521404570514,1.196815056052127,0.9240725531594821,2.7548873557195335,36.35744877197435,-1.2366373807644777,2.1132307656836247,2.5994010063993285,59.37463368638524,60.47268955383326,0.2938918483371326,-0.1609332723834846,0.5087647342450495,0.03125104488376329,0.5345256783147276,20.837889866662046,0.04376621764572519,0.013912023070588475,0.25860255077413113,39.17347806840402
FC21B0003477_11206012133F1C.png,RC3B,2011-07-25T01:21:33.099,1080,1072,1041,0.2643129731351384,True,1007.916919360296,4844.273501785743,-2420.700158077878,5508.41824226833,-26.069092548367955,78.24652431223666,0.04090429818804011,0.08108248934174056,0.5217563554531327,-0.8482468826091576,15.595232088372256,16.460271990041747,5508.371572428335,542.3397352421233,544.0432199472847,-2867.627358702575,4246.56742423103,2021.3980248419282,0.17556588348997826,0.22842769468001037,-0.7936412138852021,0.5358460902912162,0.16370522371004148,0.5308255965220284,0.5369699066767866,20.86752349799686,20.58768708717584,6.3422066242949855,0.038924174860924164,0.03963323686581351,0.2711763017317996,-0.04755123216344029,0.016473688455841982,0.06953855736199635,0.08743870382223064,0.2561970357756029,1009.0201092530469,4845.8293428715915,-2422.424272911879,5510.746134517993,-2.3280003256862525,0.7628633352264391,0.7801893360441926,2.5710389698923626,32.76187086396175,-1.0022816197224529,2.262063495653024,2.599081770500062,43.1069735123566,59.79219763509405,0.3001095092785733,-0.23820750430029689,0.2504224401644764,-0.35730225873350185,0.4971107700894933,17.03722254249149,0.029665221401160125,0.01752385713473359,0.26522436326967824,32.12556110548062
FC21B0003478_11206012633F1C.png,RC3B,2011-07-25T01:26:33.146,1005,1000,969,0.2578759441423705,True,1474.8222501803143,4715.923452173536,-2435.5607279599067,5508.810283170757,-26.2392879733335,72.6338431726254,0.09186773164064216,0.10054252088469928,0.5171043915521676,-0.8450174966323567,15.099339577426662,16.411198663698542,5508.7651446100535,541.3728996589792,543.9454030169073,-2872.4207064143084,4250.959640274185,2006.3728861032214,0.17005994906718774,0.2370621637777845,-0.7902543257123226,0.5388684857376828,0.1693013379450989,0.5571094326949907,0.5638057464774798,21.913587472956703,21.613513070540602,6.573552218008864,0.041145667884803616,0.04192470016249374,0.28771047305375197,-0.07087751649088687,0.026700219811331513,0.08879013756635555,0.09647857705361351,0.2804101721686557,1475.8121869152299,4717.048691563166,-2437.764024228083,5511.012920275727,-2.2028411548131936,0.6087853382197591,1.3702277646803647,2.6647050246642725,33.557114738226204,-1.2799343194119501,2.2831175653882383,2.7689459551351114,58.95221544812696,63.60387970111561,0.2895744490330415,-0.1394581978687223,0.32824244314224554,0.1876126326835242,0.402976662320816,15.113046540385374,0.007249601363014335,-0.012061176416636954,0.25878649924053004,32.578885716413474
FC21B0003479_11206013133F1C.png,RC3B,2011-07-25T01:31:33.111,1011,1007,968,0.26865713889169623,True,1925.8997262281262,4542.513849953492,-2450.9830005802737,5509.159600305508,-26.416452014993034,67.02440416513467,0.14262277909789525,0.11968871037977288,0.5117216223384107,-0.8387337698706098,14.830724718841878,15.973024654816072,5509.116482134507,540.8485165212521,543.0904832738358,-2877.460589346711,4255.370435043997,1990.69900259891,0.16450507076647936,0.24572075212270983,-0.7867345817531064,0.5418561539210661,0.16865586335535976,0.5382916190040554,0.5490061446879672,21.345515265639595,20.87023129948615,6.541091752943073,0.03976054931456963,0.04087649335508665,0.2560519761629314,-0.08035623080249082,0.02961295466825928,0.09820704560392438,0.09077659238520977,0.26535139247243833,1926.9708047939807,4543.500439028206,-2453.076180735352,5511.278932377584,-2.119514461866218,0.6008454386336446,1.2839835135246696,2.549896166158547,29.432086288103076,-1.1818329084652532,2.208695416456976,2.6552517289409163,55.73220723755827,59.72249089586537,0.2971707618712848,-0.026624466316837736,-0.06241558984241981,-0.31467263711020443,0.3219059437287917,13.011744477693085,-0.01293461239959015,-0.00032045567661498353,0.26993402023088764,30.118426880878374
FC21B0003487_11206013635F1C.png,RC3B,2011-07-25T01:36:35.126,1004,1000,958,0.2757831688397736,True,2359.996616341,4324.293180725855,-2466.6972639809333,5509.418384379981,-26.59773336537832,61.37635632887128,0.1933523966722682,0.13867064061957177,0.5054767099412342,-0.829384470458805,14.407492925532594,16.73531368961858,5509.37412848024,540.0239435894503,544.5727099205508,-2882.5113384972774,4259.785004201676,1974.6014877836196,0.1588674215814932,0.2543847982638697,-0.7830137400725897,0.5449210948658837,0.1701290263924785,0.5368689926030658,0.544203861337285,21.141791530343706,20.830219865433293,6.590204418008766,0.039725223047972665,0.04047767065923918,0.23763490329476836,-0.09377903722111705,0.03912869797007639,0.11442403050325739,0.08459577368928428,0.2612711097362685,2361.2110117762118,4325.331936339191,-2468.4705434134758,5511.547933688775,-2.129654842592453,0.5681861115772517,0.9165283613793649,2.38710901367732,31.415649323595744,-1.3806773551896185,2.340871220307008,2.845019600118656,42.56751561441612,62.712029626028084,0.30416084992952297,-0.32083074489611585,-0.06396836648524112,-0.5165133111746743,0.6114002939171788,21.3780216963477,-0.005626424812589903,0.022708356131829532,0.27735919339845494,24.043069323292144
FC21B0003488_11206014133F1C.png,RC3B,2011-07-25T01:41:33.095,1013,1007,972,0.26998584426456185,True,2764.3861030092667,4068.6943074208434,-2482.132467169951,5509.7264431484,-26.775776162890594,55.80670216892463,0.24280278566636593,0.15704569012677969,0.4987732370486472,-0.8170732626204767,14.514886493985799,15.961803928064,5509.684203038694,540.2312414879208,543.0654396254063,-2887.663114285357,4263.984975303509,1958.8055919642595,0.1532375043902608,0.2629949829221466,-0.7792980025869579,0.5477650311675648,0.17205824101585254,0.53146256766801,0.5400265745598054,20.97632087017539,20.635959052348277,6.640224212547102,0.0396954956773509,0.04048235235479028,0.21194699730641603,-0.10317444629510727,0.046732343252182715,0.1314767907685389,0.07618187279985586,0.2602614122895854,2765.910025513725,4069.5692943468357,-2483.636026075089,5511.8146214060935,-2.0882678963087575,0.7685290463631369,0.6301837824115836,2.3127108123308897,25.341066513779122,-1.3018638233851334,2.328916060693018,2.7826007967344997,39.45796048594344,56.34370154440866,0.29778205780360534,-0.2610476795000505,0.3117307182287793,-1.1791862463863776,1.2473179768313234,48.58677551313974,0.01058996263031986,0.08785604852789675,0.2732631863121383,36.62733407194592
FC21B0003489_11206014633F1C.png,RC3B,2011-07-25T01:46:33.154,999,995,963,0.28568773510454726,True,3144.092905000174,3773.1615253790847,-2497.385271746528,5509.90029741101,-26.95266043445564,50.196296271215346,0.2918646941608052,0.17526883236450244,0.49123248450998314,-0.8017396602801642,13.961075412230207,16.713724321546124,5509.857260147718,539.1532356620514,544.5278343583715,-2892.573452544233,4268.094484757428,1943.0361752240985,0.1474976852032908,0.2715502435935292,-0.7754072725480152,0.5506799975880858,0.17201463920240687,0.5391586394395507,0.5505608597818118,21.37821350153783,20.94177529618266,6.6479559660400716,0.04027651727154513,0.0412378605622557,0.19575708853225382,-0.11188349415871307,0.05633627370201003,0.15887830525168048,0.0761804618915113,0.2687629411219951,3145.807256854386,3773.9301466658953,-2498.8849622226735,5512.084732985697,-2.184526927936477,0.8247137841527168,0.5714383275293367,2.4039243929085217,28.70801893848519,-1.4778008129585487,2.5592919532168708,3.069314712059853,39.77281533671929,59.53224346598665,0.315073517558401,-0.4294992994342146,0.32642213331611886,-1.0579776790609512,1.1875764508966673,45.02031407238431,0.0017185658477956167,0.05713703977585283,0.29179183505938744,26.095873386519145
FC21B0003490_11206015133F1C.png,RC3B,2011-07-25T01:51:33.118,993,990,951,0.3080194383920771,True,3492.382060732794,3442.0486877159137,-2514.200104783985,5510.502136251367,-27.145781803638204,44.58412747889134,0.3398861942996605,0.19314362531227428,0.4829867314836894,-0.7835156234156586,13.966639181804695,16.405641157132777,5510.460015421497,539.161083746357,543.9247561165814,-2897.8314355852353,4273.06090038559,1925.9172635813793,0.14178266410798734,0.2799970705532337,-0.7714135139840784,0.5535526235894697,0.1727235941805125,0.5389827751385123,0.5590369413959069,21.698073313332422,20.94286965949102,6.676656549583474,0.0403783890270921,0.0419263702704883,0.17521196037111836,-0.1121523319697967,0.06667290588748198,0.18142173125672936,0.07276397860430131,0.27622448210008943,3494.3037307211125,3443.1345352656886,-2514.1054254717033,5512.355220852245,-1.8532158444232674,0.5753144112172539,-1.0561481807752777,2.2092633653619993,97.08168054710504,-1.411896225764508,2.6718857898288206,3.0211463844631994,46.6068850096408,66.63684502813284,0.3312952486749899,-0.08709476382481596,-0.09622943320597144,-2.4379006678816024,2.4413531633416756,95.8325576957321,-0.04686849182746755,0.16491570449375104,0.3145048655682171,16.340568413450388
